2016,Up/down,2015,2014,2013,Name,Nationality,Club at Dec 20 2016,Domestic league,Age at 20 Dec 2016,RAW TOTAL,HIGHEST SCORE REMOVED,FINAL SCORE,VOTES CAST,No1 PICK,JUDGES,,,,,,,,,,,,,,,,,,,,,,,,,,,,,,,,,,,,,,,,,,,,,,,,,,,,,,,,,,,,,,,,,,,,,,,,,,,,,,,,,,,,,,,,,,,,,,,,,,,,,,,,,,,,,,,,,,,,,,,,,,,
,,,,,,,,,,,,,,,JUDGES' NUMBERS ARE ALLOCATED AT RANDOM AND BEAR NO RELATION TO THE ALPHABETICAL LIST OF JUDGES,,,,,,,,,,,,,,,,,,,,,,,,,,,,,,,,,,,,,,,,,,,,,,,,,,,,,,,,,,,,,,,,,,,,,,,,,,,,,,,,,,,,,,,,,,,,,,,,,,,,,,,,,,,,,,,,,,,,,,,,,,,
,,,,,,,,,,,,,,,CLICK HERE FOR FULL LIST OF JUDGES AND RULES,,,,,,,,,,,,,,,,,,,,,,,,,,,,,,,,,,,,,,,,,,,,,,,,,,,,,,,,,,,,,,,,,,,,,,,,,,,,,,,,,,,,,,,,,,,,,,,,,,,,,,,,,,,,,,,,,,,,,,,,,,,
,,,,,,,,,,,,,,,1,2,3,4,5,6,7,8,9,10,11,12,13,14,15,16,17,18,19,20,21,22,23,24,25,26,27,28,29,30,31,32,33,34,35,36,37,38,39,40,41,42,43,44,45,46,47,48,49,50,51,52,53,54,55,56,57,58,59,60,61,62,63,64,65,66,67,68,69,70,71,72,73,74,75,76,77,78,79,80,81,82,83,84,85,86,87,88,89,90,91,92,93,94,95,96,97,98,99,100,101,102,103,104,105,106,107,108,109,110,111,112,113,114,115,116,117,118,119,120,121,122,123,124
1,1,2,1,2,Cristiano Ronaldo,Portugal,Real Madrid,Spain,32,4829,40,4789,124,63,37,40,39,39,39,40,37,40,39,39,39,38,35,40,40,38,40,40,40,40,36,40,38,37,38,39,37,40,38,38,40,40,40,40,40,40,40,40,40,39,38,33,40,40,40,40,38,40,39,40,39,39,40,37,40,40,40,38,38,37,38,39,39,40,39,39,40,39,39,35,40,39,38,40,39,40,40,40,40,39,36,40,40,40,40,40,40,37,40,38,38,36,38,40,40,36,40,40,40,39,34,40,39,39,40,40,40,39,39,39,40,38,39,35,34,40,40,40,40,40,40,40,39,40
2,-1,1,2,1,Lionel Messi,Argentina,Barcelona,Spain,30,4761,40,4721,124,30,40,38,40,38,40,39,40,39,38,40,38,40,40,38,39,34,37,38,37,39,40,39,39,40,40,40,39,38,40,40,38,37,39,39,39,39,39,39,35,40,37,40,31,38,37,39,40,39,37,36,37,40,39,38,39,38,38,37,40,35,39,40,40,37,36,40,39,40,36,39,39,40,39,39,40,39,38,39,39,38,38,38,39,39,39,38,39,38,38,39,37,39,40,38,39,40,34,38,37,40,39,39,38,38,39,39,26,37,40,37,37,39,40,40,36,39,39,38,39,39,39,39,38,38
3,1,4,6,9,Luis Suarez,Uruguay,Barcelona,Spain,30,4495,40,4455,123,12,38,37,37,37,38,37,39,36,30,38,37,37,38,36,38,40,30,36,36,37,38,28,37,32,39,38,38,36,37,37,39,33,38,37,37,38,36,38,39,36,40,38,36,39,38,38,39,37,38,32,36,33,35,40,36,39,39,40,37,32,40,37,38,34,40,33,38,35,37,33,37,38,37,4,32,36,37,37,36,40,39,,37,36,37,36,38,39,33,37,40,33,39,39,33,38,36,36,38,35,40,38,36,40,38,38,27,38,37,36,38,40,37,37,37,37,38,39,37,36,37,38,40,33
4,31,35,74,,Antoine Griezmann,France,Atlético Madrid,Spain,26,4325,40,4285,122,13,39,39,33,40,33,35,38,37,40,35,21,30,37,37,35,36,21,39,38,38,35,20,40,39,36,33,40,39,39,31,34,39,34,38,35,35,37,35,38,37,39,39,39,35,,37,14,32,40,39,38,38,38,39,37,37,36,39,35,40,37,34,33,38,34,25,35,,38,38,36,36,40,35,38,38,34,36,38,30,40,35,36,38,15,39,32,40,37,40,39,35,34,34,37,32,39,39,36,24,36,31,40,36,37,27,39,40,34,40,36,28,20,36,39,36,35,35,36,37,34,37,37,39
5,-2,3,7,6,Neymar,Brazil,Barcelona,Spain,25,4288,40,4248,121,1,36,35,38,36,37,36,36,,37,37,35,39,36,35,36,35,39,19,,34,39,22,35,34,37,37,,34,35,39,36,38,35,36,36,36,32,36,36,38,35,30,32,37,39,36,37,38,35,38,34,37,37,20,38,35,37,34,39,27,32,38,34,35,38,38,37,34,27,36,38,37,36,36,35,34,39,38,33,37,30,39,35,37,35,35,36,33,36,35,34,40,32,33,36,39,37,37,35,38,33,37,37,35,36,37,35,34,36,33,32,37,38,38,38,38,37,37,35,35,38,36,36,34
6,10,16,8,7,Gareth Bale,Wales,Real Madrid,Spain,28,4096,40,4056,120,4,35,36,28,34,35,38,34,28,36,36,40,,39,39,37,39,38,37,39,35,37,19,30,35,35,36,36,37,31,30,33,32,37,30,38,29,38,37,37,,36,37,38,36,33,34,31,36,23,37,40,34,36,6,35,33,33,35,36,31,20,36,36,39,37,28,34,38,40,32,28,32,33,38,37,33,36,34,25,35,37,37,38,26,38,37,37,34,39,34,29,34,33,18,38,34,33,35,39,32,38,35,,37,35,6,37,35,35,38,39,35,,39,40,34,34,36,34,38,35,35,32,36
7,-2,5,30,18,Robert Lewandowski,Poland,Bayern Munich,Germany,29,3157,38,3119,114,0,26,,31,10,,26,31,8,29,33,17,27,34,33,,6,31,29,17,,33,25,31,25,33,19,27,22,25,29,20,29,33,35,34,19,24,32,33,33,28,24,37,25,21,31,25,33,28,31,30,27,25,28,34,36,34,32,34,38,23,28,35,31,30,30,30,,14,,34,26,18,32,22,32,12,,35,36,27,29,33,32,29,32,33,28,23,29,31,24,27,24,8,15,22,33,30,36,,33,,27,34,31,25,30,14,34,29,16,,33,31,27,30,30,38,34,30,33,28,7
8,19,27,,79,Pierre-Emerick Aubameyang,Gabon,Borussia Dortmund,Germany,28,2965,36,2929,118,0,20,11,27,31,16,29,33,3,33,25,32,,32,32,,21,34,6,25,3,34,18,29,26,27,34,10,24,32,27,35,26,28,34,17,26,26,26,28,26,16,27,33,20,31,32,15,35,24,19,11,30,19,25,29,34,32,31,27,33,2,26,25,20,28,19,20,18,31,23,35,35,26,31,30,28,18,30,20,32,31,28,18,10,22,25,27,36,32,25,36,26,29,17,29,18,6,34,28,,22,19,,29,24,25,31,31,3,29,8,15,,18,30,30,36,29,30,30,27,34,22,
9,1,10,22,95,Alexis Sánchez,Chile,Arsenal,England,29,2733,38,2695,108,0,28,29,16,29,38,30,32,28,31,29,8,23,31,34,23,,10,33,22,18,16,31,25,21,32,2,28,32,12,,,34,20,33,28,37,30,18,27,,27,3,,31,35,12,36,,3,30,29,26,21,,30,12,14,25,31,,,31,29,28,35,26,10,33,,,32,21,35,34,27,29,14,35,26,27,33,,26,20,10,34,34,13,13,12,,32,30,30,34,,26,27,31,,20,,26,30,31,30,24,27,19,5,24,19,33,26,10,31,23,32,31,29,29,23,21,30
10,87,97,,,Riyad Mahrez,Algeria,Leicester City,England,25,2622,40,2582,108,1,22,27,34,35,27,33,15,10,,31,25,,13,26,18,37,28,31,20,36,26,,3,27,31,32,,28,33,,25,36,36,29,8,10,35,29,31,35,26,26,23,11,32,33,,17,29,28,4,32,18,33,24,20,24,29,24,13,,16,15,6,33,15,4,16,28,40,27,,24,22,,27,28,21,,28,19,27,11,29,,26,2,30,35,33,23,23,15,19,28,28,24,15,,6,12,22,,13,25,34,19,33,11,28,33,24,,8,33,29,31,34,21,,,30,34,37
11,-2,9,10,10,Sergio Agüero,Argentina,Manchester City,England,29,2569,38,2531,104,0,19,13,5,16,26,27,35,29,23,32,34,21,26,25,27,,11,,19,24,27,27,33,30,30,,,,21,22,37,6,29,26,33,,28,27,16,,23,9,26,18,15,35,27,34,30,34,22,24,29,30,20,32,23,24,20,28,22,30,,,12,32,17,25,19,,33,34,19,27,23,23,,28,37,34,21,13,,33,34,17,35,29,21,24,19,22,20,,15,,,28,29,31,23,25,,14,30,36,9,24,38,19,25,,29,10,23,18,29,18,28,,31,27,,
12,19,31,23,61,Luka Modric,Croatia,Real Madrid,Spain,32,2448,36,2412,106,0,29,32,19,7,,5,27,,16,,15,,25,18,33,24,33,23,,13,31,,22,23,,31,29,31,30,24,24,14,23,19,25,22,33,33,29,,33,36,11,33,,20,9,29,32,26,33,17,34,12,22,22,20,20,28,,28,23,31,26,27,22,25,,9,31,24,29,27,19,20,35,,,34,12,23,25,34,,32,33,19,32,17,8,5,14,6,,18,22,27,8,26,34,30,26,,34,17,32,15,6,,13,10,33,,31,6,21,20,26,33,32,15,5,14,25
13,1,14,,,Kevin De Bruyne,Belgium,Manchester City,England,26,2419,38,2381,105,0,21,19,29,27,24,19,25,25,34,7,30,13,27,28,28,,24,25,31,22,30,24,28,38,29,10,5,,26,,29,22,11,15,26,16,31,28,4,28,34,18,35,23,9,,29,31,14,35,35,36,14,17,13,25,30,26,26,19,13,33,27,,4,29,23,,33,,23,31,,29,11,25,4,33,23,31,29,,,18,25,11,22,35,6,6,35,27,19,,20,13,,22,18,17,37,23,35,22,27,,,15,31,24,23,,30,27,18,,6,,17,,20,,23,19
14,34,48,68,56,Gonzalo Higuain,Argentina,Juventus,Italy,28,2184,36,2148,100,0,32,,25,13,,10,20,2,,30,20,2,22,,,27,35,,16,,19,17,36,7,4,,19,21,24,20,23,,31,16,22,24,,31,34,31,3,29,,16,5,24,,26,36,27,17,31,22,32,17,30,9,30,8,22,24,11,19,,11,,,26,22,12,15,,32,,19,24,6,,30,21,4,31,,,19,27,31,31,28,28,28,12,28,12,21,24,28,26,20,29,4,18,25,25,11,,28,16,21,15,35,36,34,17,8,32,28,,32,27,24,32,,
15,-3,12,28,5,Andrés Iniesta,Spain,Barcelona,Spain,33,2134,38,2096,87,0,,18,17,21,36,32,29,,,28,36,33,24,27,32,,22,26,28,,,38,12,22,18,35,34,,27,36,,5,,,32,6,27,23,,,,35,,21,,,30,,20,17,21,,33,,33,21,35,,15,,30,35,8,,,36,33,,8,9,8,28,,20,36,13,,32,32,18,25,16,,21,36,24,24,23,3,19,,25,26,35,30,33,5,20,27,23,,,,31,8,29,23,23,,10,,,36,22,,35,33,28,19,33,21,,17,
16,New,,,,N'Golo Kanté,France,Chelsea,England,25,2073,37,2036,89,0,30,28,,28,18,13,,,20,24,,,33,31,12,33,20,30,24,31,,,5,,17,28,,27,29,,8,7,18,27,1,25,15,34,14,7,24,28,24,,,14,,14,,23,25,15,24,,,,15,27,33,30,36,15,20,30,32,17,7,15,20,,,14,28,,29,,,24,17,29,32,22,6,28,,21,15,27,29,30,,37,24,25,32,12,,31,,,29,,,32,32,24,,32,33,35,,17,,34,,28,24,27,27,24,10,28,,
17,-6,11,20,,Paul Pogba,France ,Manchester United,England,24,1988,36,1952,94,0,31,,4,12,,15,14,28,25,,29,,5,,20,18,,2,1,,,34,27,,13,,30,30,14,26,12,28,27,,16,27,8,11,21,29,20,16,,26,,28,33,30,26,21,,22,28,16,21,,27,14,23,25,9,,28,,5,31,18,31,,,19,30,,6,,,27,29,11,19,,14,17,27,6,14,29,,27,36,17,,17,32,19,,20,29,25,19,13,36,24,24,15,18,6,22,,32,,,22,15,,26,27,24,25,22,18,25,29,21
18,-10,8,3,22,Manuel Neuer,Germany,Bayern Munich,Germany,31,1941,37,1904,93,0,7,15,21,23,13,14,,,,34,,28,17,14,14,8,,10,12,,,2,19,36,34,,35,,,8,,25,,28,30,3,,30,,16,22,,25,28,7,,35,27,15,25,,25,13,7,28,14,29,16,29,36,29,3,23,24,,3,36,10,29,,30,27,,26,26,37,19,,22,23,5,20,29,25,20,22,16,,9,,4,,,29,16,26,17,32,24,22,,24,,19,14,23,,10,22,30,,23,,14,28,24,,20,23,18,26,22,33,8
19,49,68,,,Jamie Vardy,England,Leicester City,England,29,1883,38,1845,91,0,,1,14,33,28,31,,16,19,10,31,3,,11,15,30,27,,,,25,,,17,15,30,,29,11,,28,35,6,23,,34,9,8,19,34,,31,1,,30,17,,7,17,22,,20,20,36,26,6,4,,14,34,12,,,29,9,,,17,34,37,,10,14,24,,22,29,19,13,25,,34,22,17,,20,8,10,34,,30,,8,31,22,30,31,5,,7,,27,,2,7,22,38,21,,14,18,29,32,,,33,32,31,11,14,,18,19,35
20,-13,7,13,3,Zlatan Ibrahimovic,Sweden,Manchester United,England,36,1845,36,1809,92,0,23,17,15,19,32,8,13,30,14,13,27,36,,9,17,22,,12,23,,,16,34,16,26,12,,9,28,32,22,1,32,32,,30,29,20,13,,,,22,24,34,,32,9,34,,,4,15,31,25,17,5,11,25,24,4,,,,,27,,30,,,26,,21,10,5,21,26,27,19,22,,19,31,3,5,30,25,,4,20,26,,14,36,,35,,12,34,8,7,34,,7,20,35,20,8,,25,,32,23,,27,14,,3,,3,,21,6,26
21,14,35,11,40,Toni Kroos,Germany,Real Madrid,Spain,27,1839,39,1800,81,0,,,35,22,,24,16,35,22,14,18,,15,,34,32,18,,35,17,32,35,18,28,,,31,14,,9,13,,,11,31,13,14,22,30,,18,19,,32,,27,18,20,27,,26,35,31,,16,27,31,,19,39,35,22,17,16,,,28,,,13,,22,,33,21,,,31,29,,,,23,,14,,13,9,,,25,31,,9,,,,7,33,,27,,,11,13,20,,19,26,26,,26,25,20,29,25,14,2,24,,,24,26,28
22,12,34,72,24,Gianluigi Buffon,Italy,Juventus,Italy,38,1834,37,1797,97,0,24,24,20,18,9,28,19,,18,27,24,26,30,20,5,31,,21,8,21,2,1,17,24,5,11,32,23,36,11,,27,19,24,,1,,5,18,,,,28,,,8,2,,33,10,15,,30,8,9,2,6,33,3,18,,,10,36,23,2,3,36,35,27,12,,15,4,,26,33,15,12,17,,32,32,,27,18,20,18,22,31,20,17,35,,12,37,32,13,19,18,,30,,8,22,,34,,,23,22,,13,23,,7,19,6,5,,36,19,9,15
23,3,26,54,12,Mesut Özil,Germany,Arsenal,England,29,1730,36,1694,87,0,25,4,36,25,23,21,22,23,9,11,5,24,11,17,19,,7,,34,,28,,21,33,7,,11,11,23,28,27,30,26,25,18,33,25,21,7,,31,,,29,,21,34,16,2,3,,23,11,3,7,,26,,32,26,34,27,26,,,,5,,30,,10,17,,28,9,18,,,8,33,3,,15,31,12,10,28,24,,23,,28,7,,25,,,30,21,,14,,,18,23,28,,,8,,11,,35,1,24,,,21,15,31,14,31,,
24,16,40,34,,Diego Godin,Uruguay,Atlético Madrid,Spain,31,1721,35,1686,84,0,34,8,23,,,,30,,,,22,11,29,15,29,25,17,27,,25,,,32,12,19,26,,,,,,16,30,17,20,15,13,16,12,,17,21,,27,,,8,,,,32,6,23,29,15,26,10,21,30,,,,30,5,24,,29,12,6,29,6,,31,18,25,,16,18,14,,35,30,28,,,28,26,,,32,27,,21,26,,21,13,10,11,2,35,,20,21,26,,4,,9,16,31,30,,32,21,,11,16,2,,33,20,4,29
25,12,37,32,45,Sergio Ramos,Spain,Real Madrid,Spain,31,1700,37,1663,87,0,,,13,,,20,26,34,21,16,11,6,7,23,,,,18,32,27,12,7,16,1,,23,20,33,,,,4,25,1,21,31,18,10,,17,5,,,9,2,29,,,9,13,3,,10,,23,18,21,,17,29,,,6,23,31,9,22,37,25,16,4,20,,2,33,31,32,,28,20,7,36,10,,31,,,,,17,,19,,37,24,31,35,14,13,,19,17,21,17,28,4,36,,,20,13,,28,9,32,23,21,33,29,,,26,30,
26,66,92,,,Leonardo Bonucci,Italy,Juventus,Italy,29,1621,38,1583,82,0,5,22,,,,,28,1,24,12,,,28,24,,23,23,17,3,29,,9,,,,25,4,26,20,35,,2,24,21,12,14,21,12,26,,15,25,27,,,,,,31,,,29,26,,5,28,12,36,6,,21,10,37,33,29,,27,27,26,26,2,,34,,31,,17,5,,,,24,4,,18,31,21,26,,22,,38,37,13,10,1,38,1,,30,28,,,5,19,,33,,,2,,,,30,9,11,22,,9,17,23,15,20,9
27,63,90,,,Dimitri Payet,France,West Ham United,England,29,1578,35,1543,84,0,,,11,32,,25,17,12,35,22,13,,3,22,21,29,25,32,33,19,,32,13,,14,29,,16,34,,21,8,5,31,6,32,,3,22,6,21,2,18,13,12,,19,5,18,18,13,7,27,,18,,8,,,,,17,,4,25,24,,,32,,31,,,23,,,23,,16,10,28,,20,12,24,16,5,,30,27,14,2,,11,26,,,24,5,,9,14,,,29,12,,29,24,,,,,4,,22,26,25,26,25,8,29,25,
28,18,46,,,Philippe Coutinho,Brazil,Liverpool,England,24,1541,34,1507,85,0,27,33,7,30,21,34,,19,26,21,,19,16,16,16,,,24,13,,29,,9,29,21,8,,,10,34,,,3,8,9,,,9,9,23,25,11,34,15,8,19,,10,,,23,,,2,,24,,8,22,,19,29,13,13,19,34,,,,28,7,19,,8,,5,,26,,,2,33,,30,21,6,23,,24,1,13,21,,,6,27,23,17,22,16,31,15,10,,18,11,18,,32,,9,21,,12,16,10,,,8,,25,14,31,31
29,-11,18,55,,David De Gea,Spain,Manchester United,England,27,1203,34,1169,69,0,,23,12,26,31,17,,24,,18,,,21,,24,10,,,21,,,,,13,24,,25,,9,,,,7,,19,,,17,,12,12,,,,6,26,,12,1,15,,3,,5,,23,28,,,,17,4,16,,,23,16,,,,21,,23,21,34,30,,12,9,26,24,,24,16,3,29,7,15,10,,33,13,25,,17,,,23,16,,,,,28,,33,,5,18,3,,,21,2,,15,,4,20,15,28,,,20
30,New,212=,,,Pepe,Portugal,Real Madrid,Spain,33,1090,36,1054,50,0,33,30,,,,,,,32,,26,,23,,,28,36,35,,,,,,,22,,,19,17,,,,,2,5,7,,25,32,,29,,,,,,,,5,33,31,,32,,27,,19,22,,23,,,,,,,19,,,19,,,25,,,,35,13,,,8,23,,23,,,,,31,,,,36,16,35,20,,,32,,26,12,,,33,,,,13,8,,,,6,,17,13,15,6,,,13,,
31,-25,6,5,25,Thomas Müller,Germany,Bayern Munich,Germany,28,1074,34,1040,58,0,,,32,,17,23,21,,,26,14,9,6,,,,,,,23,7,26,,,,20,,,,18,,,,14,27,18,23,6,1,,,,,34,4,30,11,,25,,,,7,14,31,3,25,,18,,27,14,22,,,,24,19,,,,33,,25,,11,20,,,,,6,16,,23,,17,25,,,,,,,,,18,25,23,28,32,20,,,,26,,,,18,6,,9,11,,,4,,,,32,,7,
32,-17,15,33,26,Arturo Vidal,Chile,Bayern Munich,Germany,30,1057,37,1020,60,0,,,,,11,,,7,28,,10,22,,,,,,,,,,37,,,28,,6,35,,21,,,8,,,28,22,,20,,32,,6,,36,,26,3,,,,11,9,4,32,,7,,13,,6,,3,,,,8,32,,22,,13,,,28,,2,,,,,21,5,,28,3,30,,,,,20,31,22,4,17,,18,14,,24,29,,,,7,29,36,,12,27,,,,,6,10,17,4,19,,11,5,32
33,5,38,,,Harry Kane,England,Tottenham Hotspur,England,23,1029,30,999,70,0,16,16,24,24,,7,,20,2,1,,20,,8,13,17,26,5,2,16,24,,,,,14,,,16,,,18,,10,4,,10,,,19,,16,29,,,18,,28,13,7,,,,11,,15,,,11,21,14,5,7,15,,,,,16,,13,,7,17,,,25,,5,16,,26,,4,,23,12,8,,5,16,,,28,5,9,29,,,,,,,6,10,21,30,28,16,,20,7,16,,15,,,14,,12,19,9,,
34,-14,20,49,,Ivan Rakitić ,Croatia,Barcelona,Spain,29,1012,34,978,62,0,,,,,34,,12,,,9,,,8,29,30,,32,,,,,,,10,12,,26,,18,7,14,11,13,,,12,,15,23,,8,12,19,,,7,23,18,,20,5,21,,,8,5,11,5,,,31,19,,,26,,15,,,,14,7,22,,,,30,23,31,,,,,,,5,10,7,,,,,,10,,,,16,17,15,17,13,33,33,,8,,14,12,6,,,,,,,7,,,26,22,3,16,27
35,-22,13,16,100,Eden Hazard,Belgium,Chelsea,England,26,985,37,948,60,0,,,30,,30,3,7,,12,6,6,34,,13,10,,,,18,,4,,10,,,,,,,19,,,,,14,,,,,,,,,,29,22,,19,,29,14,,,,,,3,12,,15,,32,32,27,,37,1,23,,,18,23,,,14,9,1,,10,13,12,,,35,30,,,,,,,4,,,7,25,9,19,3,26,25,,,,4,,10,,29,4,,,,,26,5,18,5,16,28,,17,24,5
36,9,45,57,,Jérôme Boateng,Germany,Bayern Munich,Germany,29,862,34,828,53,0,14,31,,,,,23,,,8,1,,19,12,,,19,15,,,5,4,,31,,,8,,,,,,10,20,,5,,24,15,,,,13,14,13,6,,,19,,24,,12,,11,31,22,7,2,,8,,11,32,,,26,,11,,20,,,30,,,,,21,,34,,,,,,,17,,,,29,18,,,,,4,7,,,,,20,21,,,,,,,,,25,,12,25,23,22,1,7,,,
37,New,118,,,Paulo Dybala,Argentina,Juventus,Italy,23,799,34,765,54,0,12,3,,2,,,6,,,,23,1,2,30,,,,13,29,,18,,7,,,,,20,6,33,,,4,,,20,34,,6,14,10,,9,17,,,,,22,9,8,,,,14,,,,,20,,,21,25,,,,5,,,,,13,,7,,,,,2,,10,,,,19,,12,,21,32,,,21,11,14,,,,33,,,31,,,,,,,9,28,,10,,25,,9,,14,,5,8,11,11
38,6,44,93,39,Gerard Piqué,Spain,Barcelona,Spain,29,705,34,671,45,0,,,18,,,,,33,,,,,20,21,,19,16,,,,,,24,19,,,7,13,,,,19,21,,,11,,,,,,34,,,,,6,6,,12,28,,,,2,13,13,23,9,,11,,,,,7,32,,,,5,,,,12,,24,,27,,20,,27,1,2,12,,,,,,,23,8,,,,,1,,16,,,10,,,,,,,,,27,16,20,,8,,,,9,,,
39,-15,24,60,27,Sergio Busquets,Spain,Barcelona,Spain,29,681,33,648,44,0,,,2,,,6,,,,,,32,10,,,16,,,,2,,,,,,,33,,,,,,,,24,,20,19,10,,30,22,,,,,10,24,,16,,14,5,1,,,18,,16,,33,2,,,,,,13,,17,,,,,18,,,,24,,,1,,,26,,3,,,,,16,,27,,,,,8,,,9,22,,,1,13,25,,,,22,,24,5,,,13,,13,16,,,
40,New,114,76,64,Hugo Lloris,France,Tottenham Hotspur,England,30,550,32,518,38,0,6,14,,,,,24,,,,16,,,,26,13,9,16,30,,,,,,,,,,,,,10,,,13,,,,,,,1,,,,,,,,24,27,,,,6,,,,,,,,24,,22,,,,12,,22,,,,,14,22,,,7,13,,19,,,,9,6,,26,,,9,6,,,,,,,,32,11,1,,,,,10,27,,,,5,12,,2,,,,,4,,
41,29,70,42,90,Koke,Spain,Atlético Madrid,Spain,25,517,26,491,42,0,,,8,,,11,,,,4,19,,,,25,,,,,,11,14,,14,,5,14,25,4,,,,1,12,,,12,,25,20,,15,,,,,,,16,4,,19,,,10,,16,,,,,20,,17,,,,,,3,,,,13,3,,,17,,,26,,8,,,,,,15,11,,,,,,,,,,,,6,,4,6,,,13,20,,,,,,,9,,,7,,,12,,3
42,New,217=,,,Jan Oblak,Slovenia,Atlético Madrid,Spain ,23,475,35,440,37,0,,,,8,,,1,,,,,,,,,20,,,,,,,,,,,,,,,,,,13,,17,,14,,8,,,,22,,,,,21,,18,,16,,,,,13,,,3,,,14,,,11,11,5,,,,,,,19,,,,,,,,,13,,4,,,7,,10,22,3,,,,,,,,7,5,,2,,,18,7,1,30,6,19,21,35,,,8,,,,,,23
43,-4,39,14,72,Angel Di María,Argentina,PSG,France,29,477,37,440,36,0,,,,,4,9,,,,15,,,,,,3,,,,,,,2,15,3,17,24,,,16,,,16,18,,,19,,,13,,,,,,,22,,,11,,18,,,,9,,18,,,,,5,,,4,,,,,25,,,,2,15,,14,,,,5,12,,,15,11,,,,,,12,,,3,,,,37,,21,,23,,,,,,,,,,,,,,,,10,11,,,
44,-14,30,35,32,David Silva,Spain,Manchester City,England,31,446,35,411,31,0,,,,,,,,,,17,,,,,,,,,7,,,33,,,10,,1,,,23,,9,9,,,,11,,,,,13,,8,,,,13,8,2,,28,1,,3,11,,,,,,,,,,35,,,,,,24,,,,,,,7,,18,,,19,11,,18,,,,,,,,,,,,6,,21,28,13,,,,,,,,,,24,,,,,,,,,,15,
45,-2,43,64,76,Marco Verratti,Italy,PSG,France,25,437,30,407,29,0,,,,,3,,,,,3,,,,,,,,,,8,14,,,,,,22,15,13,25,,,,,10,,17,,,,,,,,,10,,25,,,,9,,24,,,,,,,,,,19,21,,,8,,24,,,,12,,,10,,,,,15,30,,16,,,5,,,18,,,20,,,,,,,,,,,,,1,,30,,,10,,,,,,,,,,,,
46,5,51,12,35,Diego Costa,Brazil,Chelsea,England,29,412,32,380,28,0,,,1,,,,,18,,20,,,,19,4,,,,,,9,,14,,9,,,,,15,30,,15,,3,,,,,,,32,,12,16,,,15,,,,,,,,,,3,,,,21,12,,,,14,,,,17,,,,,,,25,,,,,,22,7,,,,,,,,,,1,,,,,,,,,,,17,,,25,,,,,,,,,,,,,16,,
47,7,54,47,13,Edinson Cavani,Uruguay,PSG,France,30,395,34,361,27,0,,,,,,,,,,,,,,,,,,,11,,13,,26,,,,,,7,12,,,,,,,16,,,32,19,,20,,,,,1,,,,,,34,,,,,,17,,,,,,,,4,,15,,,,14,,,,,1,,,,,8,,,,22,,,,,,15,,,,,,,,10,17,,,14,,,,11,26,,2,,,,,,,,,10,,18
48,40,88,,,Marcelo,Brazil,Real Madrid,Spain,28,390,35,355,29,0,,6,,,,,,31,,,,,18,,,,,28,,20,,3,,,,,,,8,,,,,9,,9,,,,,,10,,,,,3,,4,,7,,,,,4,,,21,,,,,,,,,,,,,25,,,16,,,,,,15,2,,,4,,,,16,,,8,,,,10,7,,,,,,,,,,,,,,17,11,,19,,,,,,,,,35,24
49,33,82,,,Mauro Icardi,Argentina,Internazionale,Italy,23,352,28,324,28,0,,,,,15,,,,15,,,,,,,,,,,,17,,8,,,,,,,10,,,,3,,,,,,,,,,,23,,,22,12,,,,,,,,,,10,,,,4,21,,,,14,,,,,,,13,12,,,,5,,,,,,,,,,18,8,,,,,,10,,,21,2,,28,,,,3,,,,12,14,,,,,,,,,12,7,,13
50,-17,33,19,55,Karim Benzema,France,Real Madrid,Spain,30,348,29,319,24,0,18,26,,,,,,,,,,29,,,,,,,,5,,,15,,,,,,,6,15,,,,23,,,,,,,,,,10,9,5,,,,,,,,,,,,12,,18,,,,,14,,,,,,,,5,,,,,3,,,,,,,,6,,,,,,,23,,,,,15,,,,29,,,,,3,,,,27,,,19,,,,13,,,,,
51,24,75,39,66,Mats Hummels,Germany,Bayern Munich,Germany,29,337,27,310,25,0,,,9,,,,,,,,,,,,,15,,,,,23,,,18,,,2,,,,,,17,,7,,,,,,,,,,,,,,,,,,,,,16,,,,,,,,18,,,13,24,7,,,,,15,17,,,6,,,,4,25,24,,,,,,2,,9,,,,,,,,,,,27,,,10,5,,,,,,7,,,,,,,,17,,,
52,-11,41,31,17,Thiago Silva,Brazil,PSG,France,33,323,28,295,24,0,,,,,,,,,8,,,18,,,,,,,9,,15,,20,,25,,,,,,19,,14,,11,,,,,,13,,,,,,28,,,,,,,,,19,,17,,,,,18,,16,20,12,,,,1,,,,8,,,,4,,,,,,,,,,,,,,,,,,,,,,,,,12,,,2,,,,,,,,,,,,,,4,,,10
53,New,,,,Casemiro,Brazil,Real Madrid,Spain,24,321,34,287,18,0,,,,,,,,,4,,,,,,,,,,27,30,,,,,8,,,,,,16,,,,,,,,,9,,,,,,,,,,,,,,,,,,28,,16,,,,,,,,,,18,,,11,,,,,,,,,,,,,,,,18,,,,,,14,,,21,,,,,,,,,,11,,,21,34,,,,,,,,,,,13,22
54,New,,,,Renato Sanches,Portugal,Bayern Munich,Germany,19,311,28,283,28,0,17,,,,25,,,,,,,,,7,,13,,,26,10,,,,,,4,,,,3,2,,,,,,,,,3,14,,3,,,,,,,14,12,,,,,,,,,,,,,,3,,,28,,,,,,,,,,,,,,,,11,,,,4,25,,,,,14,,,16,2,,,,4,,,,,,,,21,,,,,,16,,10,1,,3,,,
55,12,67,,,Keylor Navas,Costa Rica,Real Madrid,Spain,30,300,34,266,17,0,,20,,,,,,,11,,,,,,3,,,34,,33,,,,,,,,,,,,,,,,,,,,,,,,,,,,,,,,,,23,4,,,,,,,,,,,,,,,30,,,8,,,,,,,,,,,,,,,,,,,,3,,,,,6,,,,,34,,,16,,26,,,2,20,,,,,,,,,,,27,
56,-35,21,9,15,Philipp Lahm,Germany,Bayern Munich,Germany,34,280,23,257,22,0,,,,,12,,,6,,,,,4,,,,,,,11,,,,,,,,,,,,17,,,15,23,,13,,,,,21,,,,21,21,,,,12,,,,,,,,,5,,9,,,13,9,,,,16,,,3,,17,,,,,,,,,,,,,,,,,,,,,,,9,,,,,16,,,,,,,,,,,7,,,,,,,,,
57,20,77,85,116,Henrikh Mkhitaryan,Armenia,Manchester United,England,27,273,26,247,20,0,10,,,,,,,15,,,,,,,9,14,,,,,,,,,20,,15,,,,11,,,,,,,7,11,25,1,,,,,,,,,,,,,,,,17,,,,,,,,20,,,,,,,8,,,,,,,,,,,,,,9,,,,,22,,5,,,,,,,,10,,,26,,,,,,,,,,,,,,,,,,,18,
58,New,,,75,Toby Alderweireld,Belgium,Tottenham Hotspur,England,28,271,28,243,21,0,9,,,,,,9,,,,,,12,,,7,8,,,,,,4,,,,,,,,,,,5,,,,,,,,,,,,,,11,,,20,,,,,,,2,,,25,13,,12,,,,,,,,,,,,,,,,,14,,,,,,14,20,,,11,,,,,,,,,,,,,3,16,,,,28,,,,,28,,,,,,,,,,
59,New,,,,Kevin Gameiro,France,Atlético Madrid,Spain,29,270,27,243,19,0,,25,,20,,,,,,,,,,,,9,6,,,,,,,,23,13,,,,,,,,,,,,,17,,,20,,,,,,,,,,,,,,,,15,,,,,,,,,,,17,,,,20,,,,,,,,17,,,,,8,,,2,,,,,,27,,3,,,,,,,,,,,,,,1,13,,,14,,,,,,,,,
60,New,,,,Joshua Kimmich,Germany,Bayern Munich,Germany,21,262,24,238,27,0,,,,6,,,11,,17,,,,,,,5,,14,6,,21,,,,,,,,3,,,,,,,,,,8,,,,16,,,,,,,6,16,,4,,,,2,9,,4,,,,9,,,,,,,,18,,,,,,,,,,,,,,7,,19,7,9,24,,,,,,,,2,,8,,,9,,,,,,,,,,,,,,,,2,,,,
61,-38,23,44,43,David Alaba,Austria,Bayern Munich,Germany,25,267,31,236,22,0,,,3,,,,,4,,19,,,14,6,,,15,,,,,,,,,,17,18,,,,15,,,,8,4,2,,,,,,,,,,,,,,13,,,,,,,,,16,12,,,,6,31,,,,,,,,4,,,,,,6,,,,,,,,,,,,,,,,,,10,,,,,15,,,,,,,,,,29,,,,,,,,,,
62,-37,25,27,63,Javier Mascherano,Argentina,Barcelona,Spain,32,258,33,225,20,0,,9,22,,,4,4,,,,,,,,31,,,,,,,8,,,,,16,,22,,,,,,,,,,,,,,,,,1,24,,,,,10,,,,,,,,,,,,,,,,,,,,,,,10,,3,,,,,,,,33,,,,,,,,,,,23,12,,12,,,,,,,5,,,,,,,,7,,,,,,,,,,2
63,-31,32,,,Douglas Costa,Brazil,Bayern Munich,Germany,26,256,33,223,16,0,,,26,,,22,,,,,33,,,,,,,,,,,,,,,16,,,,,,,,,,,7,,,24,,,,,,,,,6,,,,,,,,,,,,,25,,,,21,,,,,,,,,,,,,,,,11,,,,,,,,,10,,,,,5,25,,,,,,8,,,13,,4,,,,,,,,,,,,,,,,
64,New,,,,Gabriel Jesus,Brazil,Palmeiras,Brazil,19,252,30,222,29,0,,,,,6,,5,,,,,8,,4,6,,12,3,,,,,1,,6,3,,6,15,,,,,,,,,,,11,7,,,3,24,,,,,,,,8,,,,,,,,,,,,,,,21,,11,3,,2,,,,,8,,,,,,,,,,11,,,,30,,2,,,15,,,,,,,,,,,9,,,,,,,,,,,,,,2,10,
65,4,69,,,Mohamed Salah,Egypt,Roma,Italy,24,223,32,191,17,0,,,,,,,,,,,,,,,,,2,,,,,,,6,,,,,,17,32,,,22,,,,1,,,,,,,1,25,,,,,,,,,,,,,,,,,1,,,,,,,,,,,,,3,,22,,14,,9,,,,,,,,,,,,,,,,,,12,,,,,,,,,,,,,,,,19,15,22,,,,,,
66,5,71,103,104,Giorgio Chiellini,Italy,Juventus,Italy,32,213,23,190,20,0,,21,10,,8,,,,,,,,,,,,,,,,,6,11,,,22,,,,,,23,,,,2,,,,,,,7,10,,,,,,,,,,,,,,,,,,,,,,,,,,,,,,,,16,,,,,,,,9,,,,,,,6,,10,,9,,,,,,,3,,,,,,,,17,3,,,,,,,9,,11,,,,
67,New,148,,,Aritz Aduriz,Spain,Athletic Bilbao,Spain,36,223,34,189,18,0,,,,,,,,,13,,,,,,,,14,,,,,,,,,,,10,19,,,,,,,,,,,,,6,,,,,,,,,,,,,,,,,,,,,,3,,,,,23,20,,4,,,,6,,,,,,,9,,,2,,16,14,10,,,,,,,,,,,,,,,,,,,,,34,3,,,17,,,,,,,,,
68,32,100,,74,Laurent Koscielny,France,Arsenal,England,32,215,34,181,16,0,11,34,,,,,2,,,,,,,10,,,,22,14,,,,23,,,,,,,,,,,6,,,,,,,,,,,,,,,,,19,,,,,,,,,12,,,,,,,,,,,,3,,,,,,,18,3,22,,,,,,,,,,,,,,,,,,,,,,,,1,15,,,,,,,,,,,,,,,,,,
69,New,119,,,Sadio Mané,Senegal,Liverpool,England,24,199,24,175,17,0,,,,17,,16,,,,,3,,,,,,,,15,,,,,,,,,,,,9,,,7,,4,,,2,,,,10,,,23,,,,,,,,,,,,,,,,24,,,,,,,,,,,,,,,,9,,,,,,14,,,,,,,,,,,,,,9,,,15,,,,,,,,,,,,,,11,,,11,,,,,,
70,-15,55,58,81,Miralem Pjanic,Bosnia-Herzegovina,Juventus,Italy,26,176,20,156,16,0,,,,3,,,18,,,,,,,,,,,,,,,,,,,,,,,,10,,12,,,,,,,,,8,,6,,,,,11,,,8,,,,,,,,,,,,,,,,,,,,,12,,,20,,,,,,,14,,,,,,,13,,,,,,,,,,20,,,,,,,,,,,,,3,,,,,,,,6,,12,
71,-24,47,,,Álvaro Morata,Spain,Real Madrid,Spain,24,184,32,152,14,0,,10,,9,,,,32,,,,,,,11,,,,,4,,,,,,15,,,,,,,,,,,,,,,,,,,14,,,4,,,10,,,,,,,,,,,,,,,,,,,,,,,,,,,,,,,,,,,,,,,,,,,,,,19,,,,,,,,,9,,,4,,,31,,,,,12,,,,,,,
72,New,,,,Kasper Schmeichel,Denmark,Leicester City,England,30,180,31,149,14,0,,,,11,,,,,,,2,,,,,,4,,,,,,,,,27,,,,,7,31,,,,,,,,,,,17,,,,,,,,,,,,,8,,,,,,,,,7,,,,,,,,,,,,,11,,11,,,2,,,,,,26,,,,,,,,,,,,,16,,,,,,,,,,,,,,,,,,,,,,
73,New,107,75,49,Aaron Ramsey,Wales,Arsenal,England,26,171,24,147,16,0,,,,,20,,,,,,9,,,,,,,9,5,,,,,8,,,,,,,,,,,,,,,,,,4,,,,,,,,5,,,,,,1,,,,10,,,,,,,,,24,,,,,,,,,,,,11,,,,,,,,,16,,18,,,13,,,,,,,,,,,,,,2,,,,,,,,,,,16,,,,
74,New,,,,Raphaël Guerreiro,Portugal,Borussia Dortmund,Germany,23,169,24,145,16,0,,7,,,,,,,,,,,1,,,,3,,,,22,,,11,,,,3,,,,,,,,,,,24,,,,,,,,,,,,,,,,19,,,19,,2,,,,,8,,,,,,,,16,,,,,,,,1,,,,,,,1,,,,11,,,,,,,,,,,,,,,,,,,,,,,,,,,,21,,,,
75,New,,,,Rui Patrício,Portugal,Sporting Lisbon,Portugal,28,170,25,145,14,0,,,,,,,,,,,12,,,,,6,,20,,,,,,,,,,17,,,,,,,,,,,,,,,,,25,,,,,8,9,,17,,12,,,,,,,,,,13,,,,,,,,,,,,8,,,,,,,,,,,,,,,,13,,,,,,,,,,,,5,,,,,,,,,,,,5,,,,,,,
76,New,,,,Roberto Firmino,Brazil,Liverpool,England,26,160,24,136,14,0,,,,,,,,,10,,,,,,,11,,,,,10,,,,,,,,,,,,,,,,5,,,,,,15,,,,,2,,,,2,,,,,,,,,,,,,,,,,,,,,,1,,,,,,24,,,,,,,,,19,,,,,,,,,11,,,18,,,,,,,,23,,,9,,,,,,,,,,,,
77,New,,,,Yannick Carrasco,Belgium,Atletico Madrid,Spain,23,158,30,128,9,0,,,,,,,,,,,,,,,,,,,,28,,,,,,,,4,5,,,,,,,,,,,,,14,,,,,,,,,,,,,,,,,,,,,,,,,,,21,25,29,,,,,,,,,,,,,,,,,,,,,,,,,,30,,,,,,,,,2,,,,,,,,,,,,,,,,,,
78,-20,58,81,41,Dani Alves,Brazil,Juventus,Italy,33,158,32,126,13,0,,,,,,,,,,,,5,,,,,,,,,,,,,,,23,,,,,,,,,,,,,,9,,,,,16,7,,,,,,,,,,,,,,,,,,,,,,,,,,,,,,,,,,,,,7,,,,,,,,6,11,,,,,,,,,,32,,,,,,,,,,17,,,,,,,8,,,3,14
79,New,,,,Nani,Portugal ,Valencia,Spain,31,156,31,125,12,0,,,,,,,3,,,,,,,5,22,,13,,,,,,,,,,,,,,31,3,,,,,,,,,,,,,,,,,,,,,,,,,,,,,,,,,,,,,15,,,,,,6,,,,,,,,,,,,,14,,,,,,,,,,,,,,11,,,,,,,,,,,,,13,,,,,20,,,,
80,New,,,,Gianluigi Donnarumma,Italy,Milan,Italy,17,146,26,120,19,0,,,,5,7,,,,mi,,,,,3,,,,,,,,,,,,,,5,,14,,,,,,,,,,,,,2,,26,,,,,,,,,,,,,,,5,,,,2,,,,,4,1,,,5,,,,,,,,,,,,,1,,,11,,,,,,,,11,,,,,,,,,,22,,,,16,5,,,,,,,,,1,,,
81,3,84,,,Claudio Bravo,Chile,Manchester City,England,33,137,31,106,9,0,,,,4,,,,,,,,15,,,,,,,,,,,,,,,,,,,,,,,,,,,,15,,,,,11,,,,,,,,,,,,,,,,,,,,,,,,,,,,29,,,,,,,,,,,,,,,,,,,,,,31,,,,,,,,18,,,,,,,,7,,,,,,,,,7,,,,
82,New,104,,58,Marek Hamsik,Slovakia,Napoli,Italy,29,126,22,104,14,0,,,,,,,,,,,,,,,,4,,,,,3,,,9,,,,,,,,,,,,,,,,,,,,,,,,,,,,,,,,,,,,,,8,,22,,,,6,18,,,,,,,8,13,,,,,,,,8,,,,,,,,,,,,,,,,,,,,,,,,,,,12,,3,,,,,10,,,,2,
83,New,,,,Miguel Borja,Colombia,Atlético Nacional,Colombia,23,136,35,101,8,0,,,,,,,,,,,,10,,,,,,,,,,,,,1,,,,,,,,,,,,,,,27,11,,,,,,,,,,,,,35,,,,,,,,,,,,,,,,34,,,,,,,,,,,,,,,,,,,,,,,,,,,,,,,,,,,,,,,,,,2,,,,,,,,,,,,16
84,-31,53,62,93,Blaise Matuidi,France,PSG,France,30,120,22,98,11,0,,,,,,,,,,,,,,,,,,,,,,,,,,,,,,,,,22,,,,,,,5,,,,,,4,,,,,,,,,,,,,,,,7,,11,,16,,,,,,,,,,,,,2,,,,13,,,,,,,,,,,,,,,,,,,,,,,19,17,,,,,,,,4,,,,,,,,,
85,New,120,,44,Ilkay Gündogan,Germany,Manchester City,England,27,116,21,95,10,0,,,,,,,,,,,,,,,,,,,,,,,,,,,12,,,,,,,,,,,,,21,,,,,,,,,,,,,,,,,,1,,14,,,,,,,,,,,,12,,,,,,,,,,8,,5,,,,,,,,,,,,,,,,9,,,19,,,,,,,,,,15,,,,,,,,,,,
86,1,87,,30,Juan Mata,Spain,Manchester United,England,29,129,34,95,8,0,,,,,,,,13,,,,,,,,,,,,9,,,,,,,,,,,,,,,,,,,,,,,,7,28,,,,,,,5,,,,,,,,,,,,,,,,,,,,,,,,,,,,,,,7,34,,,,,,,,,,,,,,,,,,,,,,,,,,,,,26,,,,,,,,,,,
87,-68,19,15,,James Rodríguez,Colombia,Real Madrid,Spain,26,123,31,92,8,0,,,,,,,,,,,,31,,,,,,,,,,23,,,2,,9,,,5,,,,,,,,,,,,,,,,,20,,,,,,,,,,,,,,,,,,,,,,,,,,,,,,,,,,,,,,,,,,,,,,,,,,,,,25,,,,,,,,,,,,,,,,,,,,,,,8,
88,-26,62,52,,Raheem Sterling,England,Manchester City,England,23,113,23,90,8,0,,,,,,,,,,,,,,,,,,,4,,,,,,,,,,,13,,,,,,,,,,,,,,,,,,23,,,,,,,,,,,,,,18,,,,,,,,,,16,,,,,,,,15,,,,15,,,,,,,,,,,,,,,,,,,9,,,,,,,,,,,,,,,,,,,,,
89,-67,22,4,14,Arjen Robben,Netherlands,Bayern Munich,Germany,33,103,21,82,8,0,,,,,,,,5,,,,,,,,,,,,,,,,,16,,21,,,,,,,,,,,,,,,,,,,,16,,,,,16,,,,,,,,,,,14,,,,,,,,,,,,,,,,,,,,,,9,,,,,,,,,,,,,,,,,,6,,,,,,,,,,,,,,,,,,,,,
90,New,,,,Dele Alli,England,Tottenham Hotspur,England,20,104,23,81,14,0,4,,,,,2,,,,23,,,,,,,,,10,6,,,,,,,,,,,,,,,,,,,,,,,,,,,,,,,,,,,,7,,,1,3,7,,,,,,,,,,,,,,,,,,,8,,,,,,13,,,5,,,,,,,,14,,,,,,,,,,,,1,,,,,,,,,,,,,,,
91,New,,,,Adrien Silva,Portugal,Sporting Lisbon,Portugal,27,99,22,77,7,0,,12,,,22,,,22,,,,,,,,,,,,,,,,,,18,,7,,,,,,,,,,,,,,,,,,,,,,,,,,,,,,,,,,,,,,,,,,,,,9,,,,,,,,9,,,,,,,,,,,,,,,,,,,,,,,,,,,,,,,,,,,,,,,,,,,
92,-56,36,17,47,Thibaut Courtois,Belgium,Chelsea,England,25,98,24,74,8,0,,,,,,,,21,,,,,,,,,,,,,,,,,,,,,,,,,,,,,,,,,,,8,,,,,,,,,,,,,,,,,,,9,,,,,,,,,,,,,24,,,,6,,,,,,,,,,,,,,,,,,,,4,,,,,,,,8,,,,,,18,,,,,,,,,,,
93,New,129,,,Fernandinho,Brazil,Manchester City,England,31,99,30,69,7,0,,,,,,,,,,,,,9,,,,,,,,,,,,,,,,,,,,,,,,,,,,,,,,,,,,,,,,,,,,,,,,,,,,,11,,,,,,,,,,,,,,,,,,13,,,,,,,,,,,,,,,,,11,,30,,,,,,,,,,12,13,,,,,,,,,,
94,-33,61,,,Alexandre Lacazette,France,Lyon,France,26,94,27,67,9,0,,,,,,,,,,,,,,,,,,,,,,,,,,,,,,,,,,,,,2,,,,,,,,,5,,,,,,,,,,,,6,,,,,,,,,,,,,11,,,,,,,,,4,,7,21,,,,,,,,,,,,,11,,,,27,,,,,,,,,,,,,,,,,,,,,,,,
95,New,,,,Éver Banega,Argentina,Internazionale,Italy,28,96,29,67,6,0,,,,,,,,,,,,,,,,,5,,,,,,,,,,,,,,,,,,,,,,,22,2,,,,,,,,,,,,,,,,,,,,,,,,,,,,,,,,,,,,,,,,,,,,,,,,,15,,,,,,29,,,,,,,23,,,,,,,,,,,,,,,,,,,,,
96,0,96,79,31,Francesco Totti,Italy,Roma,Italy,40,87,22,65,9,0,,,6,,,,,,,,,,,,,,,,,,,,,,,,,2,,,,,,,,,,,,,,,,,,,,,,,,,,,,,,,,,,,,,,,,22,10,,,,,,,,15,,,,,,,,,,,,,3,,,,,,4,,,,,,,,,,,14,,,,,,11,,,,,,,,,,,
97,-2,95,,67,Santi Cazorla,Spain,Arsenal,England,32,88,23,65,6,0,15,,,,,,,11,,,,14,,,,,,,,,,,,,,,,,,,,,,,,,,,,,,5,,,,,,,,,,,,,,,,,,,,,,,,,,,,,,,,,,,,,,,,,,,,,,,,,,,,,,,,,,,,,,,,,,,,,,,,,,20,,,,23,,,,
98,-17,81,,,Thiago Alcântara,Spain,Bayern Munich,Germany,25,93,30,63,5,0,,,,,,,,,,,,,,,,,,,,,,,,,,,,,,,,,,,29,,,,,,,,,30,,,,,,,,,,,,,,,,,,,,,,18,,,,,,,,,,,,,,,,,,,,,,,,,,,,,,,,,,11,,,,,,,,,,,5,,,,,,,,,,,,,
99,New,,,,Julian Weigl,Germany,Borussia Dortmund,Germany,21,79,20,59,12,0,,,,,,,,,,,,,,,,,,,,,20,,,,,,,,,,,,,,,,1,,5,,,,5,,,,,,,,,,2,,,,,,5,,,,,8,,,2,,,,,15,,,,,,,,,,,,,,,,3,,,,,,,,,,,,1,,,,,,,,12,,,,,,,,,,,,,,,,
100,New,,,,Ousmane Dembélé,France,Borussia Dortmund,Germany ,19,78,21,57,13,0,1,,,1,,,,,,,,,,,,,,4,,,,,6,,,,,,1,4,,,,,,,,,,,,,,,,,,,,,,,,,,,,,,,,,,,10,,,,,,,11,,,,,,,,,,,,,,,,21,8,,,,,,,,,,,,,,,,,,,,5,,,,4,,2,,,,,,,,,
,,,,,,,,,,,,,,,,,,,,,,,,,,,,,,,,,,,,,,,,,,,,,,,,,,,,,,,,,,,,,,,,,,,,,,,,,,,,,,,,,,,,,,,,,,,,,,,,,,,,,,,,,,,,,,,,,,,,,,,,,,,,,,,,,,,,,,,,,,
101,,108,,,Romelu Lukaku,Belgium,Everton,England,24,71,14,57,12,0,3,,,,,,,,6,5,4,,,,,,,,,,,,,,,,,,,,,,,,,,,,,,,,14,,3,,,,,,,,,,,,,,,,,,,,,,,,,,9,,,,,,,,,,,,,6,,,,,,,,,,,,,,,,,6,,,,,,,,,,,,,,3,,,,,,,6,,6
102,,156,,,Islam Slimani,Algeria,Leicester City,England,28,72,16,56,9,0,,,,,,,,,,,,,,,,,,,,,,,,,,,,,,,,,,4,,,,,,,4,,,,,,,,,,,,,,,,,,,,,,,,,,,,,,,,,9,,,,,,,,,,,,,,2,,,,,,5,,7,,,,,,,,,,,,,,,,,,,,13,16,12,,,,,,
103,,176,,,Andrea Barzagli,Italy,Juventus,Italy,35,79,24,55,6,0,,,,,,,,,,,,,,,,,,,,,,,,,,,,,,,,24,,,,,,,,,,,,,,,,,,,,,,,,,,,,,,,,,,,,,,,,,17,,,,,,,,,,,,,,,,,,,,2,,,6,21,,,,,,,,,,,,,,,,,,,,,,,9,,,,
104,,128,99,,Radja Nainggolan,Belgium,Roma,Italy,28,76,21,55,5,0,,,,,,,,,,,,,,,,,,,,15,,21,,,,,,,,,,,,,,,,,,,,,,,,,,,,,,,,,,,,,,,,,,,,,,,13,,,,,,,10,,,,,,,,,17,,,,,,,,,,,,,,,,,,,,,,,,,,,,,,,,,,,,,,,
105,,,,,Javier Hernández,Mexico,Bayer Leverkusen,Germany,28,69,17,52,8,0,,,,,,,,,7,,,,,,,,,,,,,,,,,1,,,,,,,,,,,,,,,,,,,17,,,,,,,,,,,,,,,,,,,,,,,,,,,,,16,,,,,,9,,,,,,,1,,,,12,,,,,,,,,,,,,,,,,,,,,,6,,,,,,,,,,,
106,,66,,,Anthony Martial,France,Manchester United,England,21,70,21,49,8,0,,,,,,,,,,,,,,,2,,,,,12,,,,,,,,,,,1,,,,,,,,,,,,,,,,,,,,,,,,,,,,,,,,,,,1,,,,,,,,,,,,,,,,17,,,,,,,,,,,,,,8,8,,,,,,,,,,21,,,,,,,,,,,,,,,,,
107,,,,,Vitolo,Spain,Sevilla,Spain,27,61,14,47,8,0,,,,,,,,,,,,,,,,,,,,,,,,,,,,,,,,,,,,,,,,,,,,,,,,,,,,,3,,,,,10,,,,,,7,,,,,,7,,,6,,,,,,,,,,,,,,,,12,14,,,,,,,,,,,,,2,,,,,,,,,,,,,,,,,,,,,
108,,,,,Héctor Bellerín,Spain,Arsenal,England,21,75,29,46,8,0,,,,,,,,9,3,,,,,,,,,,,,,,,,,,,,2,,,,,,2,,,,,,,,,,,,,,,,,,,,,,,,3,,26,,,,,,,29,,,,1,,,,,,,,,,,,,,,,,,,,,,,,,,,,,,,,,,,,,,,,,,,,,,,,,,,,
109,,,,,Gylfi Sigurdsson,Iceland,Swansea City,England,27,64,20,44,10,0,,,,,,,,,,,,,,,,,,,,,,,,,,7,,12,,,,,,,,,,,,,,,,,,,,,,1,,,,,,,,,,1,,,,,2,,,,,,,,,,,1,,,15,,,,,,,,,,20,,,,,,,,,,,,,2,,,3,,,,,,,,,,,,,,,,,,,
110,,50,40,23,Marco Reus,Germany,Borussia Dortmund,Germany,28,73,29,44,7,0,,,,,,,,,,,,,,,,,,,,,,,,,,,3,,,,,,,,,,,,,,,,,,,,,,,,,,,,,29,,,,,,,,,,10,,,,,,9,,,,7,,,,,,,,,,,,,,,,,,,3,,,,,,,,,,,,,,,,,,,,,,,,12,,,,,
111,,,,,Gabi,Spain,Atlético Madrid,Spain,33,82,39,43,5,0,,,,,,,,,,,,,,,,,,,,,,5,,,,,,,,,,,,,,,,,,,,23,,,,,,,,,,,,,,,,,,,,,,,,,,,,39,,,,11,,,,,,,,,,,,,,,,,,,,,,,,,,,,,,,,,,,,,,4,,,,,,,,,,,,
112,,136,,60,Gary Medel,Chile,Internazionale,Italy,29,72,30,42,5,0,,,,,,,,,,,,,,,,,,,,,,,,,,,,,,,,,,,,,,,,,,,,,,,,,,,,,,,,,,,,,,,,,,,,,,,,,30,,,,,4,,,,,,,,,,,,,,,,,,,,,,,,,,,,,16,17,,,,,,,,,,,,5,,,,
113,,,,,Grzegorz Krychowiak,Poland,PSG,France,26,61,21,40,6,0,,,,,,,,,,,,,,,,,,,,,,,,,,21,13,,,,,,,,,,6,,,,,,,,,,,,,,,,,,,,,,,,,,,,14,,,,,,,,,,,,,,,,,,,,,4,,,,,,,,,,,,3,,,,,,,,,,,,,,,,,,,,,,,,,,
114,,79,,65,Petr Cech,Czech Republic,Arsenal,England,35,52,15,37,8,0,,2,,,,,,14,,,,,,,,,,,,,,,,,,,,,,,,,,,,,,,,,,,,,,,,,,,,,,,,,1,,,7,10,,,,,,,,,,,2,,,15,,,,,,,,,,,,,,,,,,,,,,,,,,,1,,,,,,,,,,,,,,,,,,,,,,
115,,179=,,,Andre Gomes,Portugal,Barcelona,Spain,24,61,24,37,5,0,,,,,,,,,,,,,,,1,,,,,,,,,,,24,,,,,,,,,,,,,,,,,,,,,,,,,,,,,,,,,,,,,,,18,,,,,,,,,,,,,16,,,,,,,,,,,,,,,,,,,,,,,,,,,,,,,,,,,,,,,,,,,2,,,
116,,,,,João Mário,Portugal,Internazionale,Italy,23,65,29,36,5,0,,,,,,,,,,,,,,,,,29,,,,,,,,,,,,,,,,,,,,,,,,,,,,,,,,,,,,,,,,,,,,,,,,,,,,,,,,4,,,,,,,,,,,,,,,,,,,,,,,16,4,,,,,,,,,,12,,,,,,,,,,,,,,,,,
117,,198=,,,Hatem Ben Arfa,France,PSG,France,29,64,30,34,7,0,13,,,,,,,,,,,,,2,,2,,,,,,,,,,,,,,,,,2,,,,,,,,,,30,,,,,,,,,,,,,,,,,,,,,,,,,,,,,,10,,,,5,,,,,,,,,,,,,,,,,,,,,,,,,,,,,,,,,,,,,,,,,,,,,,,
118,,56,,,Raphaël Varane,France,Real Madrid,Spain,23,56,22,34,5,0,,,,,,,,,,,,,,,,,,,,,,,,,,,,,,,,,,,,,,,,,,,,,,,,,,,,,,,1,,,,,,,,,,,,,,,,,,,7,,,,,,,,,,,,,,,,,,,,,,,,,,4,,,,,,,,,,22,,,,,22,,,,,,,,,
119,,105,,,Serge Aurier,Ivory Coast,PSG,France,24,51,17,34,5,0,8,,,,,,,,,,,,,,,,,,,,,,,,,,,,,,,,,,,,,,,,,,,,,13,,,,,,,,,,,,,,,,,,,17,,,,,,,,,,,,,7,,6,,,,,,,,,,,,,,,,,,,,,,,,,,,,,,,,,,,,,,,,,,,,
120,,94,,,Sebastian Giovinco,Italy,Toronto,USA,29,45,12,33,8,0,,,,,,,,,,,,,,,,,,,,,,,,3,,,,8,,,,,,,,,,,,,,,12,,,,,,,,,,,,,,,,,,,,,,,,,,,,,,,,,4,7,,,,,,,,,,,,,,,3,1,,,,,,,,,,,,,,,7,,,,,,,,,,,,,,,,
121,,49,21,37,Xabi Alonso,Spain,Bayern Munich,Germany,36,52,21,31,5,0,,,,,,,,,,2,,,,,,,,,,,,,,,,,,,,,,,,,,,,,,,,,,,,,,,,,,,,,,,,,7,,,,,,,,21,,,,,,,,,,,,,,,,,,,,,,,,,,,,,,,,,,,,,,,,,,,,14,,8,,,,,,,,,,,
122,,198=,,86,Marquinhos,Brazil,PSG,France,23,40,15,25,6,0,,5,,,,,,,,,,,,,,,,,,7,,,,,,,,,,,,,,,,,,,,,,,,,,,,,,,,,,,,,,,,,,6,,,,,,,,,,,,,,,,,,,,,,,,,,,,,,,,,,,,,,,,,,,,,,,6,,15,,,,,,,,,,,,1,
123,,,,,Kalidou Koulibaly,Senegal,Napoli,Italy,25,32,11,21,6,0,,,,,,,,,,,,,,,,,,,,,,,,,,,,,,,,,,,,,,,3,,,,,,,11,,,7,,,,,,,,,,,,,,,,,,,,,,,,,,,,,3,,,,,,,,,,,,,7,,,,,,1,,,,,,,,,,,,,,,,,,,,,,,,,,,
FAILED TO MEET MINIMUM OF FIVE VOTES CAST,,,,,,,,,,,,,,,,,,,,,,,,,,,,,,,,,,,,,,,,,,,,,,,,,,,,,,,,,,,,,,,,,,,,,,,,,,,,,,,,,,,,,,,,,,,,,,,,,,,,,,,,,,,,,,,,,,,,,,,,,,,,,,,,,,,,,,,,,,
124,,64,61,,Yacine Brahimi,Algeria,Porto,Portugal,27,70,26,44,4,0,,,,,,,,,,,,,,,,,,,,,,,,,,,,,,,26,,,,,,,,,,,,,,,,,,,,,,,,,,,,,,,,,,,,,,,,,,,,,,,,,,,,,,,,,,,,,,,,,,,,,,,,,,,,,,,,,,,,,8,17,19,,,,,,
125,,29,18,19,Yaya Touré,Ivory Coast,Manchester City,England,34,71,30,41,4,0,,,,,,,,,,,7,17,,,,,,,,,,,,,,,,,,,,,,,,,,,,30,,,,,,,17,,,,,,,,,,,,,,,,,,,,,,,,,,,,,,,,,,,,,,,,,,,,,,,,,,,,,,,,,,,,,,,,,,,,,,,,,,,,,
126,,,,,Adam Lallana,England,Liverpool,England,28,52,15,37,4,0,,,,15,,,,,,,,,,,,,,,,,,,,,,,,,,,,,,,,,,,,,,,,,,,,,,,,,,,,,,,,,,,,,,,,,,,,,,,,,,,,,,,,,,,,,,,,15,,,,,,,,,,,7,,,,,,15,,,,,,,,,,,,,,,
127,,65,,,Carlos Bacca,Colombia,Milan,Italy,30,39,12,27,4,0,,,,,,,,,,,,12,,,,,,,,,,,,,,,,,,,,,,,,,,,,,,,,,,,,,,,,,,,,,,,,,,,,,,,,,,8,,,,,,,,,,,,,,,,,,,,,,,,,,,,,,,,,,,,,11,,,,,8,,,,,,,,,,,,
128,,157=,,,Eduardo Vargas,Chile,Hoffenheim,Germany,27,58,32,26,4,0,,,,,,,,,,,,,,,,,,,,,,,,,,,,,,,,,,,,,,,,,,,,,,,,,,,,,,,,,,,,,,,,,6,,,,,,,,,,,,,,,,,18,,,,,,,,,,,,,2,,,,,,,,,,,,32,,,,,,,,,,,,,,,,,
129,,52,,110,Willian,Brazil,Chelsea,England,28,52,26,26,3,0,,,,,,,,17,,,,,,,,,,,,26,,,,,,9,,,,,,,,,,,,,,,,,,,,,,,,,,,,,,,,,,,,,,,,,,,,,,,,,,,,,,,,,,,,,,,,,,,,,,,,,,,,,,,,,,,,,,,,,,,,,,,,,,
130,,,,,Franco Armani,Colombia,Atlético Nacional,Colombia,30,45,20,25,3,0,,,,,,,,,,,,7,,,,,,,,,,,,,,,,,,,,,,,,,,,,,,,,,,,,,,,,,,18,,,,,,,,,,,,,,20,,,,,,,,,,,,,,,,,,,,,,,,,,,,,,,,,,,,,,,,,,,,,,,,,,,,,,,,
131,,60,43,28,Wayne Rooney,England,Manchester United,England,31,54,29,25,2,0,,,,,29,,,,,,,25,,,,,,,,,,,,,,,,,,,,,,,,,,,,,,,,,,,,,,,,,,,,,,,,,,,,,,,,,,,,,,,,,,,,,,,,,,,,,,,,,,,,,,,,,,,,,,,,,,,,,,,,,,,,,,,,
132,,115,,121,Claudio Marchisio,Italy,Juventus,Italy,30,42,20,22,3,0,,,,,,,,,,,,,,,,,,,,,,,,20,,,,,,,,,,,,,,,,,,,,,,,,,,,,,,,,10,,,,,,,,,,,,,,,,,,,,,,,,,,,,,,,,,,,,,,,,,,,,,,,,,,,,,,,,,,,,,,,,,,,,12
133,,134,,,Omar Abdulrahman,UAE,Al Ain,UAE,25,53,32,21,4,0,,,,,5,12,,,,,,,,,,,,,,32,,,,,,,,,,,,,,,,,,,,,,,,,,,,,,,,,,,,,,,,,,,,,,,,,,,,,,,,,,,,,,,,,,,,,,,,,4,,,,,,,,,,,,,,,,,,,,,,,,,,,,,,,
134,,140,,,William Carvalho,Portugal,Sporting,Portugal,25,41,20,21,4,0,2,,,,,,,,,,,,,,,,,,,,,,,,,,,,,,,,,,,,,,,,,,,,,,,,,,,,,,,,,,,,,,,,,,,3,,,,,,,,,,,,,,,,,,,,,,,,,16,,,,,,,,,,,,,,,20,,,,,,,,,,,,,,,,
135,,126,,,Son Heung-min,South Korea,Tottenham Hotspur,England,25,40,19,21,3,0,,,,,19,18,,,,,,,,,,,,,,,,,,,,,,,,,,,,,,,,,,,,,,,,,,,,,,,,,,,,,,,,,,,,,,,,,,,,,,,,,,,,,,,,,,,,,,,,,,,,,,,3,,,,,,,,,,,,,,,,,,,,,,,
136,,116=,56,,Juan Cuadrado,Colombia,Juventus,Italy,28,56,35,21,2,0,,,,,,,,,,,,35,,,,,,,,,,,,,,,,,,,,,,,,,,,,,,,,,,,,,,,,,,,,,,,,,,,,,,,,,,21,,,,,,,,,,,,,,,,,,,,,,,,,,,,,,,,,,,,,,,,,,,,,,,,,,,,,,
137,,42,29,21,Andrea Pirlo,Italy,New York City FC,USA,37,39,19,20,3,0,,,,,,,,,,,,,,,,,,,,,,,,,,,,,,,,,,,,,,,,,,,,,,,,,,,,,,,,,,,,,,,,,,,,,,,,,,,,,,,,,,,,,,,,,,,15,,,,,19,,,,5,,,,,,,,,,,,,,,,,,,,,,,,
138,,,,,Christian Pulisic,USA,Borussia Dortmund,Germany,18,25,10,15,3,0,,,,,10,,,,,,,,,,,,,,,,,,,,,,,,,,,,,,,,,,,,,,,,,,,,,,,,,,,,,,,,,,,,,,,,,10,,,,,,,,,,,,,,,,,,,,,,,,,,,,,,,,,,,,,,,,,,,5,,,,,,,,,,,
139,,,,,Birkir Bjarnason,Iceland,Basel,Switzerland,28,25,11,14,4,0,,,,,,,,,,,,,,1,,,,11,,,,,,,,6,,,,,,,,,,,,,,,,,,,,,,,,,,,,,,,,,,,,,,,,,,,,,,,,,,,,,,,,,,,,,,,,,,,,,,,,,,,,,,,,,7,,,,,,,,,,,,,,,,,
140,,146=,,101,Christian Eriksen,Denmark,Tottenham Hotspur,England,24,44,30,14,3,0,,,,,,,,,,,,,,,,,,,,,,30,,,,,,,,,,,,,,,,,,,,,,,,,13,,,,,,,,,,,,,,,,,,,,,,,,,,,,,,,,,,,,,,,,,,,,,,,1,,,,,,,,,,,,,,,,,,,,,,,,,,,,,,
141,,78,38,70,Arda Turan,Turkey,Barcelona,Spain,30,34,20,14,2,0,,,,,,,,,,,,,,,,,,,,,,,,,,,,,,,,20,,,,,,,,,,,,,,,,,,,,,,,,,,,,,,,,,,,,,,,,,,,,,,,,,,,,,,,,,,,,,,,,,,,,14,,,,,,,,,,,,,,,,,,,,,,,,
142,,91,84,94,Isco,Spain,Real Madrid,Spain,24,38,25,13,2,0,,,,,,,,,,,,,,,,,,,,,,,,,,,,,,,,,,,,,,,,,,,,,,,,,,,,,,,,,,,,,,,,,,,,,,,,,,,,,,,,,,,,,,,,,,,,,,,,,,,,13,,,,,,,,,,,,25,,,,,,,,,,,,
143,,217=,,,Marc-André ter Stegen,Germany,Barcelona,Spain,24,32,20,12,4,0,,,,,,,,,,,,,,,7,,,,,,,,,,,,,,,,,,,,,,,,,,,,,,,,,,,,,,,,,,,,,,,,,,,,,,,,,,,,1,,,20,,,,,,,,,,,,,,,,,,,,,,,,,,,,,,,,,,,,,,,,,,,,,,4
144,,17,41,46,Carlos Tevez,Argentina,Boca Juniors,Argentina,33,24,12,12,4,0,,,,,2,,,,,,,,,,,,,,,,,,,5,,,,,,,,,,,,,,,,,,,,5,,,12,,,,,,,,,,,,,,,,,,,,,,,,,,,,,,,,,,,,,,,,,,,,,,,,,,,,,,,,,,,,,,,,,,,,,,,,,,,,,
145,,,66,,Edin Dzeko,Bosnia-Herzegovina,Roma,Italy,30,22,10,12,4,0,,,,,,,,,,,,,,,,,,,,,,,,,,,,,,,,,,,,,,,,,,,,1,,3,,8,,,,,,,,,,,,,,,,,,,,,,,,,,,,,,,,,,,,,,,,,,,,,,,,,,,,10,,,,,,,,,,,,,,,,,,,,,,,,
146,,139,,,Jonas Gonçalves Oliveira,Brazil,Benfica,Portugal,32,37,27,10,3,0,,,,,,,,,,,,,,,,,,,,,,,,,,,,,,,,,,,,,,,,4,6,,,,,,,,,,,,,27,,,,,,,,,,,,,,,,,,,,,,,,,,,,,,,,,,,,,,,,,,,,,,,,,,,,,,,,,,,,,,,,,,,,,,
147,,169,,,Sami Khedira,Germany,Juventus,Italy,29,29,19,10,3,0,,,,,,,,,,,,,,,,,,,,,,,,,,,,,,,,,,,,,,,,,,,,,,,,,,,,,,,,,,,,,,,,,,,,,,,,,,,,,,,,,,3,,,,,,,,,,7,,,,,,,,,,,,,,,,,,,19,,,,,,,,,,,,,
148,,127,,,Lorenzo Insigne,Italy,Napoli,Italy,26,20,10,10,2,0,,,,,,,,,,,,,,,,,,,,,,,,,,,,,,,,,,,,,,,,,,,,,,,,,10,,,,,,,,,,,,,,,10,,,,,,,,,,,,,,,,,,,,,,,,,,,,,,,,,,,,,,,,,,,,,,,,,,,,,,,,,,,,
149,,167,,,Bernardo Silva,Portugal,Monaco,France,22,16,7,9,3,0,,,,,,,,,,,,,,,,,,,,,,,,,,,,,,,,,,,,,3,,,,,,,,,,,,,,6,,,,,,,,,,,,,,,,,,,,,,,,,,,,,,,,,,,,,,,,,,,,,,,,,,,,,,,,,,,7,,,,,,,,,,,,,,
150,,198=,,,Alessandro Florenzi,Italy,Roma,Italy,25,20,11,9,2,0,,,,,,,,,,,,,,,,,,,,,,11,,,,,,,,,,,,,,,,,,,,,,,,,,,,,,,,,,,,,,,,,,,,,,9,,,,,,,,,,,,,,,,,,,,,,,,,,,,,,,,,,,,,,,,,,,,,,,,,,,,,,,,
151,,80,24,34,Mario Götze,Germany,Borussia Dortmund,Germany,25,21,13,8,3,0,,,,,,,,,,,,,,,,,,,,,,,,,,,,,,,5,,,,,,,,,,,,,,,,,,,,,,,,,,,,,,,,,,,,,,,,,,,,,,,,,,,,,,,,,,,,,,,,,,,,,,,,,,,,,,,,,,,,,,,,3,,13,,,
152,,144,,,Francis Coquelin,France,Arsenal,England,25,18,10,8,2,0,,,,,,,,,,,,,,,,,,,,,,,,,,,,,,,,,,,,,,,,,,,,,,,,,,,,,,,,,,,,,,,,,,,,,,,,,,,,,,,,,10,,,,,,,,,,,,,,,,,,,,,8,,,,,,,,,,,,,,,,,,,,,,
153,,,,,Marcus Rashford,England,Manchester United,England,19,25,17,8,2,0,,,,,,,,,,,,,,,8,,,,,,,,,,,,,,,,17,,,,,,,,,,,,,,,,,,,,,,,,,,,,,,,,,,,,,,,,,,,,,,,,,,,,,,,,,,,,,,,,,,,,,,,,,,,,,,,,,,,,,,,,,,,,,
154,,,,,Andrea Belotti,Italy,Torino,Italy,23,11,4,7,4,0,,,,,,,,,,,,,,,,,,,,,,,,,,,,,,,,,,,,,,,,,,,,,,,,,,,,,,,,,,4,,,,,,,,,,,,,,,,,,,,,,,,,,,,,,,1,4,,,,,,,2,,,,,,,,,,,,,,,,,,,,,,,,,,,
155,,72,,117,Jordi Alba,Spain,Barcelona,Spain,27,22,16,6,2,0,,,,,,,,,,,,,,,,,,,,,,,,,,,,,,,,,,,,,,,,,,,,,,,,,,,,,,,,,,,,,,,,,,,6,,,,,,,,,,,,,,16,,,,,,,,,,,,,,,,,,,,,,,,,,,,,,,,,,,,,,,,,,,
156=,,89,,,Alex Teixeira,Brazil,Jiangsu Suning,China,26,9,4,5,3,0,,,,,,,,,,,,,,,,,,,,,,,,2,,,,,,,,,,,,,,,,,,,,,,,,,,,,,,,,,,,,,,,,,,,,,,,,,,,,,,,,,,,3,,,,,,,,,,,,,,,,,,,,,,,,,,,,,,,,,,,,,4,,,,
156=,,,,,Anthony Modeste,France,FC Cologne,Germany,28,11,6,5,3,0,,,,,,,,,,,,,,,,,,,,,6,,,,,,,,,,,,,,,,,,,,,,4,,,,,,,,,,,,,,,,,,,,,,,,,,,,,,,,,,,,,,,,,,,,,,,,,,,,,,,,,,,,,,,,,,,,,,,,1,,,,,,,,,
158,,,,,Ivan Perisic,Croatia,Internazionale,Italy,27,19,14,5,2,0,,,,,,,,,,,,,,,,,,,,,,14,,,,,,,,,,,,,,,,,,,,,,,,,,,,,,,,,,,,,,,,,,,,,,,,,,,,,,,,,,,,,,,,,,,,,,5,,,,,,,,,,,,,,,,,,,,,,,,,,,,,,,,
159,,190=,,,Marcelo Díaz,Chile,Celta Vigo,Spain,29,16,11,5,2,0,,,,,,,,,,,,,,,,,,,,,,,,,11,,,,,,,,,,,,,,,,,,,,,,,,,,,,,,,,,,,,,,,,,,,,,5,,,,,,,,,,,,,,,,,,,,,,,,,,,,,,,,,,,,,,,,,,,,,,,,,,,,,,
160=,,122=,,,André Ayew,Ghana,West Ham United,England,27,7,3,4,3,0,,,,,,,,,,,,,,,,,,,,,,,,,,,,,,,,,,,,,,,,,,,,,,,,,,,,,,,,,,,,,,,,,,,,,,,,,,,,,,,,,,,,,,,,,,,,,,,,,,,,,,,,,,,,,,,,,,,,3,3,1,,,,,,
160=,,,,,Arkadiusz Milik,Poland,Napoli,Italy,22,7,3,4,3,0,,,,,,,,,,,,,,,,,,,,,,,,,,,,,,,,,,,,,,,,,,,,2,,,,,,,,,,,,,,,,,,,2,,,,,,,,,,3,,,,,,,,,,,,,,,,,,,,,,,,,,,,,,,,,,,,,,,,,,,,,,,,,,,
160=,,,,,Fedor Smolov,Russia,Krasnodar,Russia,26,13,9,4,3,0,,,,,,,,,,,,,,,,,,,,,,,,,,,,,,,,,,,,,,,,,,,,,,,,,,,,,,9,,,,,,,,,,,,,,,2,,,,,,,2,,,,,,,,,,,,,,,,,,,,,,,,,,,,,,,,,,,,,,,,,,,,,,,,
163,,,,,Jose Fonte,Portugal,Southampton,England,33,27,23,4,2,0,,,,,,,,,,,,,,,,,,,,,,,,,,,,,,,,,,,,,,,,,,,,4,,,,,,,,,,,,,,,,,,,,,,,,,,,,,,,,,,,,,,,,,,,,,,,,,,,23,,,,,,,,,,,,,,,,,,,,,,,,,,,,,
164,,,,,Walter Montoya,Argentina,Rosario Central,Argentina,23,7,4,3,2,0,,,,,,,,,,,,,,,,,,,,,,,,4,,,,,,,,,,,,,,,,,,,,,,,,,,,,,,,,,,,,,,,,,,,,,,,,,,,,,,,,,,,,,,,,,,,,,,,,,,,,,,,3,,,,,,,,,,,,,,,,,,,,,
165=,,,,33,Mario Balotelli,Italy,Nice,France,26,17,15,2,3,0,,,,,,,,,,,,,,,,,,,,,,,,,,,,,,1,,,,,,,,,,,,,,,,,,,,,,,,,,,,,,,,,,,,,,,,,,,,,,,,,,,,,,,,,,,,,,,,,,,,,,,,,15,,,,,,,,,,1,,,,,,,,,,,
165=,,,,,Paulinho,Brazil,Guangzhou,China,28,12,10,2,3,0,,,,,,,,,1,,,,,,,,,,,,,,,,,,,,,,,,,,,,,,,,,,,,,,,,,,,,,,,,,,,,,,,,,,,,,,,,,,,,,10,,,,,,,,,,,,,,,,,,,,,,,,,1,,,,,,,,,,,,,,,,,,,,,
165=,,,,,Virgil van Dijk,Netherlands,Southampton,England,25,17,15,2,3,0,,,,,,,,,,,,,,,,,,,,,,,,,,,,,,,,,,,,,,,,,,,,,,,,,,,1,,,,,,,,,,1,,,,15,,,,,,,,,,,,,,,,,,,,,,,,,,,,,,,,,,,,,,,,,,,,,,,,,,,,,,,,,,,
165=,,125,,,Felipe Anderson,Brazil,Lazio,Italy,23,6,4,2,2,0,,,,,,,,,,,,,,,,,,,,,,,,,,,,,,,,,,,,,,,,,,,,,,2,,,,,,,,,,,,,,,,,,,,,,,,,,,,,,,,,,,,,,,,,,,,,,,,,,,,,,,,,,,,,,,,,4,,,,,,,,,,,,,
165=,,106,,,John Stones,England ,Manchester City,England ,22,14,12,2,2,0,,,,,,,,,,,,,,,,,,,,,,,,,,,,,,,,,,,,,,,,,,,,,,,,,,,,,,,,,,,,,,,,,,12,,,,,,,,,,,,,,,,,,2,,,,,,,,,,,,,,,,,,,,,,,,,,,,,,,,,,,,,,,,
165=,,,,,Kelechi Iheanacho,Nigeria,Manchester City,England,20,5,3,2,2,0,,,,,,,,,,,,,,,,,,,,,,,,,,,,,,,3,,,,,,,,,,,,,,,,,,,,,,,,,,,,,,,,,,,,,,,,,,,,,,,2,,,,,,,,,,,,,,,,,,,,,,,,,,,,,,,,,,,,,,,,,,,,,,
171=,,98,,,Andriy Yarmolenko,Ukraine,Dynamo Kyiv,Ukraine,27,10,9,1,2,0,,,,,,,,,,,,,,,,,,,,,,,,,,,,,,,,,,,,,,,,,,,,,,,,,,,,,,,,,,,,,,1,,,,,,,,,,,,,,,,,,,,,,,,,,,,,9,,,,,,,,,,,,,,,,,,,,,,,,,,,,,,,,,
171=,,122=,95,50,David Luiz,Brazil,Chelsea,England,30,7,6,1,2,0,,,,,,,,,,,,,,,,,,,,,,,,,,,,,,,,,,,,,,,,,,,,,,,,,,,,,,,,,,,,,,,,,,,,1,,,,,,,,,,,,,,,,,,,,,,,,,,,,,,,,,,,,,,,,,,,,,,,,,,,,6,,,,
171=,,,,,Hakim Ziyech,Netherlands,Ajax,Netherlands,23,19,18,1,2,0,,,,,,,,,,,,,,,,,,,,,,,,,,,,,,,,,,,,,,,,,,,,,18,,,,,,,,,,,,,,,,,,,,,,,,,,,,,,,,,,,1,,,,,,,,,,,,,,,,,,,,,,,,,,,,,,,,,,,,,,,,,,,,
171=,,59,,,Hulk,Brazil,Shanghai IPG,China,30,2,1,1,2,0,,,,,1,1,,,,,,,,,,,,,,,,,,,,,,,,,,,,,,,,,,,,,,,,,,,,,,,,,,,,,,,,,,,,,,,,,,,,,,,,,,,,,,,,,,,,,,,,,,,,,,,,,,,,,,,,,,,,,,,,,,,,,,
171=,,,,,Macnelly Torres,Colombia,Atlético Nacional,Colombia,32,18,17,1,2,0,,,,,,,,,,,,,,,,,,,,,,,,,,,,,,,,,,,,,,,,,,,,,,,,,,,,,,,,,,,,,,,,,,,,,,,,,1,,,,,,,,,,,,,,,,,,,,,,,,,,,,,,,,,,,,,,,,,,,,,,,,,,,17
171=,,190=,,,Quincy Promes,Netherlands,Spartak Moscow,Russia,25,6,5,1,2,0,,,,,,,,,,,,,,,,,,,,,,,,,,,,,,,,,,,,,,,,,,,,,,,,,,,,,,,,,,,,,,,,,,,,,1,,,,,,,,,,,,,,,,,,,,,,,,,,,,,,,,5,,,,,,,,,,,,,,,,,,,,,,,
171=,,,,,Sardar Azmoun,Iran,Rostov,Russia,21,4,3,1,2,0,,,,,,,,,,,,,,,,,,,,,,,,,,,,,,,,,,,,,,,,,,,,,,,,,,,,,,,,,,,,,,,,,,,,,,,,,,,,,,,,,,,,,,,,,,,3,1,,,,,,,,,,,,,,,,,,,,,,,,,,,,,,,,
178=,,,,,Elseid Hysaj,Albania,Napoli,Italy,22,31,31,0,1,0,,,,,,,,,,,,,,,,,,,,,,,,,,,,,,,,,,,,,,,,,,,,,,,,,,,,,,,,,,,,,,,,,,,,,,,,,,,,,31,,,,,,,,,,,,,,,,,,,,,,,,,,,,,,,,,,,,,,,,,,,,,,,
178=,,143,97,38,Daniele De Rossi,Italy,Roma,Italy,33,29,29,0,1,0,,,,,,,,,,,,,,,,,,,,,,29,,,,,,,,,,,,,,,,,,,,,,,,,,,,,,,,,,,,,,,,,,,,,,,,,,,,,,,,,,,,,,,,,,,,,,,,,,,,,,,,,,,,,,,,,,,,,,,,,,,,,,
178=,,,,,Davidson Sanchez,Colombia,Ajax,Netherlands,20,27,27,0,1,0,,,,,,,,,,,,,,,,,,,,,,,,,,,,,,,,,,,,,,,,,,,,,27,,,,,,,,,,,,,,,,,,,,,,,,,,,,,,,,,,,,,,,,,,,,,,,,,,,,,,,,,,,,,,,,,,,,,,,,,,,,,,,
178=,,,,,Fred,Brazil,Atletico Mineiro,Brazil,33,26,26,0,1,0,,,,,,,,,,,,,,,,,,,,,,,,,,,,,,,,,,,,,,,,,,,,,,,,,,,,,,26,,,,,,,,,,,,,,,,,,,,,,,,,,,,,,,,,,,,,,,,,,,,,,,,,,,,,,,,,,,,,,,,,,,,,,
178=,,,,,Bradley Wright-Phillips,England,New York Red Bulls,USA,31,22,22,0,1,0,,,,,,,,,,,,,,,,,,,,,,,,,,,,,,,,,,,,,,,,,,,,,,,,,,,,,,22,,,,,,,,,,,,,,,,,,,,,,,,,,,,,,,,,,,,,,,,,,,,,,,,,,,,,,,,,,,,,,,,,,,,,,
178=,,,,,Robinho,Brazil,Atlético Mineiro,Brazil,32,22,22,0,1,0,,,,,,,,,,,,,,,,,,,,,,,,,,,,,,,,,,,,,,,,,,,,,22,,,,,,,,,,,,,,,,,,,,,,,,,,,,,,,,,,,,,,,,,,,,,,,,,,,,,,,,,,,,,,,,,,,,,,,,,,,,,,,
178=,,,,,David Villa,Spain,New York CIty FC,USA,35,21,21,0,1,0,,,,,,,,,,,,,,,,,,,,,,,,,,,,,,,,,,,,,,,,,,,,,,,,,,,,,,,,,,,,,,,,,,,,,,,,,,,,,,,,,,,,,,,,,,,21,,,,,,,,,,,,,,,,,,,,,,,,,,,,,,,,,
178=,,,,,Marcos Danilo Padilha,Brazil,Chapecoense,Brazil,31 (deceased),21,21,0,1,0,,,,,,,,,,,,,,,,,,,,,,,,,,,,,,,,,,,,,,,,,,,,,,,,,,,,,,21,,,,,,,,,,,,,,,,,,,,,,,,,,,,,,,,,,,,,,,,,,,,,,,,,,,,,,,,,,,,,,,,,,,,,,
178=,,184=,,,Ozan Tufan,Turkey,Fenerbahçe,Turkey,21,21,21,0,1,0,,,,,,,,,,,,,,,,,,,,,,,,,,,,,,,,21,,,,,,,,,,,,,,,,,,,,,,,,,,,,,,,,,,,,,,,,,,,,,,,,,,,,,,,,,,,,,,,,,,,,,,,,,,,,,,,,,,,,,,,,,,,,
178=,,,,,Xherdan Shaqiri,Switzerland,Stoke City,England,26,21,21,0,1,0,,,,,,,,,,,,,,,,,,,,,,,,,,,,,,,,,,,,,,,,,,,,,,,,,,,,,,,,,,,,,,,,,,,,,,,,,,,,,21,,,,,,,,,,,,,,,,,,,,,,,,,,,,,,,,,,,,,,,,,,,,,,,
178=,,,,,Dirk Kuyt,Netherlands,Feyenoord,Netherlands,36,20,20,0,1,0,,,,,,,,,,,,,,,,,,,,,,,,,,,,,,,,,,,,,,,,,,,,,20,,,,,,,,,,,,,,,,,,,,,,,,,,,,,,,,,,,,,,,,,,,,,,,,,,,,,,,,,,,,,,,,,,,,,,,,,,,,,,,
178=,,,,,Alfredo Morelos,Colombia,Independiente Medellin,Colombia,20,19,19,0,1,0,,,,,,,,,,,,,,,,,,,,,,,,,,,,,,,,,,,,,,,,,,,,,,,,,,,,,,19,,,,,,,,,,,,,,,,,,,,,,,,,,,,,,,,,,,,,,,,,,,,,,,,,,,,,,,,,,,,,,,,,,,,,,
178=,,,,,Filipe Luis,Brazil,Atletico Madrid,Spain,31,19,19,0,1,0,,,,,,,,,,,,,,,,,,,,,,,,,,,,,,,,,,,,,,,,,,,,19,,,,,,,,,,,,,,,,,,,,,,,,,,,,,,,,,,,,,,,,,,,,,,,,,,,,,,,,,,,,,,,,,,,,,,,,,,,,,,,,
178=,,,,,Karim El Ahmadi,Morocco,Feyenoord,Netherlands,31,19,19,0,1,0,,,,,,,,,,,,,,,,,,,,,,,,,,,,,,,,,,,,,,,,,,,,,19,,,,,,,,,,,,,,,,,,,,,,,,,,,,,,,,,,,,,,,,,,,,,,,,,,,,,,,,,,,,,,,,,,,,,,,,,,,,,,,
178=,,212=,,,José Giménez,Uruguay,Atlético Madrid,Spain,21,18,18,0,1,0,,,,,,,,,,,,,,,,,,,,,,,,,,,,,,,,,,,,,,,,,,,,,,,,,,,,,,,,,,,,,,,,,,,,,,,,,,,,,,,,,,,,,,,,,,,,,,,,,,,,,,,,,,,,,,,,18,,,,,,,,,,,,
178=,,,,,Marlos Moreno,Colombia,Deportivo La Coruna,Spain,20,18,18,0,1,0,,,,,,,,,,,,,,,,,,,,,,,,,,,,,,,,,,,,,,,,18,,,,,,,,,,,,,,,,,,,,,,,,,,,,,,,,,,,,,,,,,,,,,,,,,,,,,,,,,,,,,,,,,,,,,,,,,,,,,,,,,,,,
178=,,141,65,,Vincent Enyeama,Nigeria,Lille,France,35,18,18,0,1,0,,,,,,,,,,,,,,,,,,,,,,,,,,,,,,,18,,,,,,,,,,,,,,,,,,,,,,,,,,,,,,,,,,,,,,,,,,,,,,,,,,,,,,,,,,,,,,,,,,,,,,,,,,,,,,,,,,,,,,,,,,,,,
178=,,135,,,Nicolás Gaitán,Argentina,Atlético Madrid,Spain,29,17,17,0,1,0,,,,,,,,,,,,,,,,,,,,,,,,,,,,,,,,,,,,,,,,,,,,,,,,,,,,,,,,,,,,,,,,,,,,,,,,,,,,,,,,,,,,,,,,,,,,,,,,,,,,,,,,,,,,,17,,,,,,,,,,,,,,,
178=,,219=,,,Lucas Biglia,Argentina,Lazio,Italy,30,16,16,0,1,0,,,,,,,,,,,,,,,,,,,,,,,,,,,,,,,,,,,,,,,,,,,,,,,,,,,,,,,,,,,,,,,,,,,,,,,,,,,,,,,,,,,,,,,,,,,,,,,,,,,,,,,16,,,,,,,,,,,,,,,,,,,,,
178=,,57,37,42,Vincent Kompany,Belgium,Manchester City,England,31,16,16,0,1,0,,,,,,,,,,,,16,,,,,,,,,,,,,,,,,,,,,,,,,,,,,,,,,,,,,,,,,,,,,,,,,,,,,,,,,,,,,,,,,,,,,,,,,,,,,,,,,,,,,,,,,,,,,,,,,,,,,,,,,,,,,,,,
178=,,93,,,Carlos Sánchez,Uruguay,Monterrey,Mexico,32,15,15,0,1,0,,,,,,,,,,,,,,,,,,,,,,,,,,,,,,,,,,,,,,,,,,,,,,,,,,,,,,,,,,,,,15,,,,,,,,,,,,,,,,,,,,,,,,,,,,,,,,,,,,,,,,,,,,,,,,,,,,,,,,,,,,,,,
178=,,,,,Librado Azcona,Paraguay,Independiente del Valle,Ecuador,33,15,15,0,1,0,,,,,,,,,,,,,,,,,,,,,,,,,,,,,,,,,,,,,,,,,,,,,,,,,,,,,,15,,,,,,,,,,,,,,,,,,,,,,,,,,,,,,,,,,,,,,,,,,,,,,,,,,,,,,,,,,,,,,,,,,,,,,
178=,,219=,,,Odion Ighalo,Nigeria,Watford,England,27,15,15,0,1,0,,,,,,,,,,,,,,,,,,,,,,,,,,,,,,,,,,,,,,,,,,,,,,15,,,,,,,,,,,,,,,,,,,,,,,,,,,,,,,,,,,,,,,,,,,,,,,,,,,,,,,,,,,,,,,,,,,,,,,,,,,,,,
178=,,,,,Ricardo Quaresma,Portugal,Besiktas,Turkey,33,15,15,0,1,0,,,,,,,,,,,,,,,,,,,,,,15,,,,,,,,,,,,,,,,,,,,,,,,,,,,,,,,,,,,,,,,,,,,,,,,,,,,,,,,,,,,,,,,,,,,,,,,,,,,,,,,,,,,,,,,,,,,,,,,,,,,,,
178=,,182=,,,Ahmed Khalil,UAE,Al-Ahli,UAE,25,14,14,0,1,0,,,,,,,,,,,,,,,,,,,,14,,,,,,,,,,,,,,,,,,,,,,,,,,,,,,,,,,,,,,,,,,,,,,,,,,,,,,,,,,,,,,,,,,,,,,,,,,,,,,,,,,,,,,,,,,,,,,,,,,,,,,,,
178=,,217=,,103,Luiz Gustavo,Brazil,Wolfsburg,Germany,30,14,14,0,1,0,,,,,,,,,,,,,,,,,,,,,,,,,,,,,,,,,,,,,,,,,,,,,,,,,,,,,,,,,,,,,,,,,,,,,,,,,,,,,,,,,,,,,,,,,,,,,,,,,,,,,,,14,,,,,,,,,,,,,,,,,,,,,
178=,,,,,Yerry Mina,Colombia,Palmeiras,Brazil,22,14,14,0,1,0,,,,,,,,,,,,,,,,,,,,,,,,,,,,,,,,,,,,,,,,,,,,,,,,,,,,,,,,,,,,,,,,,,,,,,14,,,,,,,,,,,,,,,,,,,,,,,,,,,,,,,,,,,,,,,,,,,,,,,,,,,,,,
178=,,,,,Bruno Fornaroli,Uruguay,Melbourne City,Australia,29,13,13,0,1,0,,,,,,,,,,,,,,,,,,,,,,,,,,,,,,,,,,,,,,,,,,,,,,,,,,,,,,13,,,,,,,,,,,,,,,,,,,,,,,,,,,,,,,,,,,,,,,,,,,,,,,,,,,,,,,,,,,,,,,,,,,,,,
178=,,,,,Oguzhan Ozyakup,Turkey,Besiktas,Turkey,24,13,13,0,1,0,,,,,,,,,,,,,,,,,,,,,,,,,,,,,,,,13,,,,,,,,,,,,,,,,,,,,,,,,,,,,,,,,,,,,,,,,,,,,,,,,,,,,,,,,,,,,,,,,,,,,,,,,,,,,,,,,,,,,,,,,,,,,
178=,,,,,Antonio Candreva,Italian,Internazionale,Italy,29,12,12,0,1,0,,,,,,,,,,,,,,,,,,,,,,12,,,,,,,,,,,,,,,,,,,,,,,,,,,,,,,,,,,,,,,,,,,,,,,,,,,,,,,,,,,,,,,,,,,,,,,,,,,,,,,,,,,,,,,,,,,,,,,,,,,,,,
178=,,,,,Atiba Hutchinson,Canada,Besiktas,Turkey,33,12,12,0,1,0,,,,,,,,,,,,,,,,,,,,,,,,,,,,,,,,12,,,,,,,,,,,,,,,,,,,,,,,,,,,,,,,,,,,,,,,,,,,,,,,,,,,,,,,,,,,,,,,,,,,,,,,,,,,,,,,,,,,,,,,,,,,,
178=,,,,,Danny Drinkwater,England,Leicester City,England,26,12,12,0,1,0,,,,,,,,,,,,,,,,,,,,,,,,,,,,,,,,,,,,,,,,,,,,,,,,,,,,,,,,,,,,,,,,,,,,,,,,,,,,,,,,,,12,,,,,,,,,,,,,,,,,,,,,,,,,,,,,,,,,,,,,,,,,,
178=,,157=,,124,Mathieu Valbuena,France,Lyon,France,32,12,12,0,1,0,,,,,,,,,,,,,,,,,,,,,,,,,,,,,,,,,,,,,,,,,,,,,,,,,,,,,,,,,,,,,,,,,,,,,,,,,,,,,,,,,,,,,,,,,,,,,,,,,,,,,,,12,,,,,,,,,,,,,,,,,,,,,
178=,,,,,Ragnar Sigurdsson,Iceland,Fulham,England,30,12,12,0,1,0,,,,,,,,,,,,,,,,,,,,,,,,,,,,,,,,,,,,,,,,,,,,,,,,,,,,,,,,,,,,,,,,,,,,,,,,,,,,,,,,,,,,,,,,,,,,,,,,,,,,,,,,,12,,,,,,,,,,,,,,,,,,,
178=,,217=,,,Eder,Italy,Internazionale,Italy,30,11,11,0,1,0,,,,,,,,,,,,,,,,,,,,,,,,,,,,,,,,,,,,,,,,,,,,,,,,,,,,,,,,,,,,,,,,,,,,,,,,,,,,,11,,,,,,,,,,,,,,,,,,,,,,,,,,,,,,,,,,,,,,,,,,,,,,,
178=,,,,,Suso,Spain,Milan,Italy,23,11,11,0,1,0,,,,,,,,,,,,,,,,,,,,,,,,,,,,,,,,,,,,,,,,,,,,,,,,,,,,,,,,,,,,11,,,,,,,,,,,,,,,,,,,,,,,,,,,,,,,,,,,,,,,,,,,,,,,,,,,,,,,,,,,,,,,,
178=,,198=,,,Borja Valero,Spain,Fiorentina,Italy,31,10,10,0,1,0,,,,,,,,,,,,,,,,,,,,,,10,,,,,,,,,,,,,,,,,,,,,,,,,,,,,,,,,,,,,,,,,,,,,,,,,,,,,,,,,,,,,,,,,,,,,,,,,,,,,,,,,,,,,,,,,,,,,,,,,,,,,,
178=,,184=,,92,Lucas Moura,Brazil,PSG,France,25,10,10,0,1,0,,,,,,,,,,,,,,,,,,,,,,,,,,,,,,,,,,,,,,,,10,,,,,,,,,,,,,,,,,,,,,,,,,,,,,,,,,,,,,,,,,,,,,,,,,,,,,,,,,,,,,,,,,,,,,,,,,,,,,,,,,,,,
178=,,,,,Mauro Boselli,Argentina,Leon,Mexico,31,10,10,0,1,0,,,,,,,,,,,,,,,,,,,,,,,,,,,,,,,,,,,,,,,,,,,,,,,,,,,,,,10,,,,,,,,,,,,,,,,,,,,,,,,,,,,,,,,,,,,,,,,,,,,,,,,,,,,,,,,,,,,,,,,,,,,,,
178=,,,,,Emil Forsberg,Sweden,RB Leipzig,Germany,25,9,9,0,1,0,,,,,,,,,,,,,,,,,,,,,,,,,,,,,,,,,,,,,,,,,,,,,,,,,,,,,,,,,,,,9,,,,,,,,,,,,,,,,,,,,,,,,,,,,,,,,,,,,,,,,,,,,,,,,,,,,,,,,,,,,,,,,
178=,,,,,Granit Xhaka,Switzerland,Arsenal,Switzerland,24,9,9,0,1,0,,,,,,,,,,,,,,,,,,,,,,,,,,,,,,,,,,,,,,,,,,,,,,,,,,,,,,,,,,,,,,,,,,,,,,,,,,,,,9,,,,,,,,,,,,,,,,,,,,,,,,,,,,,,,,,,,,,,,,,,,,,,,
178=,,,,,Iago Falque,Spain,Torino,Italy,26,8,8,0,1,0,,,,,,,,,,,,,,,,,,,,,,,,,,,,,,,,,,,,,,,,,,,,,,,,,,,,,,,,,,,,8,,,,,,,,,,,,,,,,,,,,,,,,,,,,,,,,,,,,,,,,,,,,,,,,,,,,,,,,,,,,,,,,
178=,,,,,Michael Carrick,England,Manchester United,England,35,8,8,0,1,0,,,,,,,,,,,,,,,,,,,,,,,,,,,,,,,,,,,,,,,,,,,,,,,,,,,,,,,,,,,,,,,,,,8,,,,,,,,,,,,,,,,,,,,,,,,,,,,,,,,,,,,,,,,,,,,,,,,,,,,,,,,,,
178=,,,,,Adrien Rabiot,France,PSG,France,21,7,7,0,1,0,,,,,,,,,,,,,,,,,,7,,,,,,,,,,,,,,,,,,,,,,,,,,,,,,,,,,,,,,,,,,,,,,,,,,,,,,,,,,,,,,,,,,,,,,,,,,,,,,,,,,,,,,,,,,,,,,,,,,,,,,,,,,
178=,,,,,Iago Aspas,Spain,Celta de Vigo,Spain,29,7,7,0,1,0,,,,,,,,,,,,,,,,,,,,,,,,,,,,,,,,,,,,,,,,,,7,,,,,,,,,,,,,,,,,,,,,,,,,,,,,,,,,,,,,,,,,,,,,,,,,,,,,,,,,,,,,,,,,,,,,,,,,,,,,,,,,,
178=,,,,,Kingsley Coman,France,Bayern Munich,Germany,20,7,7,0,1,0,,,,,,,,,,,,,,,,,,,,,,,,,,,,,,,,,,,,,,,,,,,,,,,,,,,,,,,,,,,,,,,,,,,,7,,,,,,,,,,,,,,,,,,,,,,,,,,,,,,,,,,,,,,,,,,,,,,,,,,,,,,,,
178=,,,,,Paco Alcácer,Spain,Barcelona,Spain,24,7,7,0,1,0,,,,,,,,,,,,,,,,,,,,,,,,,,,,,,,,,,,,,,,,,,,,,,,,,,,,,,,,,,,,,,,,,,,,,,,,,,,,,,,,,,,,,,,,,,,,,,7,,,,,,,,,,,,,,,,,,,,,,,,,,,,,,
178=,,,,,Dani Carvajal,Spain,Real Madrid,Spain,24,6,6,0,1,0,,,,,,,,,,,,,,,,,,,,,,,,,,,,,,,,,,,,,,,,,,,,,,,,,,,,,6,,,,,,,,,,,,,,,,,,,,,,,,,,,,,,,,,,,,,,,,,,,,,,,,,,,,,,,,,,,,,,,,,,,,,,,
178=,,76,26,4,Franck Ribéry,France,Bayern Munich,Germany,34,6,6,0,1,0,,,,,,,,,,,,,,,,,,,,,,,,,,,,,,,6,,,,,,,,,,,,,,,,,,,,,,,,,,,,,,,,,,,,,,,,,,,,,,,,,,,,,,,,,,,,,,,,,,,,,,,,,,,,,,,,,,,,,,,,,,,,,
178=,,,,,Juanfran,Spain,Atletico Madrid,Spain,31,6,6,0,1,0,,,,,,,,,,,,,,,,,,,,,,,,,,,,,,,,,,,,,,,,,,,,,,,,,,,,,,,,,,,,6,,,,,,,,,,,,,,,,,,,,,,,,,,,,,,,,,,,,,,,,,,,,,,,,,,,,,,,,,,,,,,,,
178=,,,,,Samuel Umtiti,Cameroon,Barcelona,France,23,6,6,0,1,0,,,,,,,,,,,,,,,,,,,,,,,,,,,,,,,,,,,,,,,,,,,,,,,,,,,,,,,,,,,,,,,,,,,,,,,,6,,,,,,,,,,,,,,,,,,,,,,,,,,,,,,,,,,,,,,,,,,,,,,,,,,,,
178=,,,,,Wes Morgan,Jamaica,Leicester City,England,32,6,6,0,1,0,,,,,,,,,,,,,,,,,,,,,,,,,,,,,,,,,,,,,,,,,,,,,,,,,,,,,,,,,,,,,,,,,,,,,,6,,,,,,,,,,,,,,,,,,,,,,,,,,,,,,,,,,,,,,,,,,,,,,,,,,,,,,
178=,,,,,Antonio Valencia,Ecuador,Manchester United,England,31,5,5,0,1,0,,,,,,,,,,,,,,,,,,,,,,,,,,,,,,,,,,,,,,,,,,,,,,,,,,,,,,,,,,,,,,,,,,5,,,,,,,,,,,,,,,,,,,,,,,,,,,,,,,,,,,,,,,,,,,,,,,,,,,,,,,,,,
178=,,,,,Julian Draxler,Germany,Wolfsburg,Germany,24,5,5,0,1,0,,,,,,,,,,,,,,,,,,,,,,,,,,,,,,,,,,,,,,,,,,,,,,,,,,,,,,,,,,,,,,,,,,,,,,,,5,,,,,,,,,,,,,,,,,,,,,,,,,,,,,,,,,,,,,,,,,,,,,,,,,,,,
178=,,,,,Roman Eremenko,Finland,CSKA Moscow,Russia,29,5,5,0,1,0,,,,,,,,,,,,,,,,,,,,,,,,,,,,,,,,,,,,,,,,,,,,,,,,,,,,,,,,,,,,,,,,,,,,,,,,,,,,,,,,,,,,,,,,,,,,,,,,,,,,,,5,,,,,,,,,,,,,,,,,,,,,,
178=,,179=,51,,Daniel Sturridge,England,Liverpool,England,28,4,4,0,1,0,,,,,,,,,,,,4,,,,,,,,,,,,,,,,,,,,,,,,,,,,,,,,,,,,,,,,,,,,,,,,,,,,,,,,,,,,,,,,,,,,,,,,,,,,,,,,,,,,,,,,,,,,,,,,,,,,,,,,,,,,,,,,
178=,,209=,,,Erik Lamela,Argentina,Tottenham Hotspur,England,25,4,4,0,1,0,,,,,,,,,,,,,,,,,,,,,,,,,,,,,,,,,,,,,,,,,,,,,,,4,,,,,,,,,,,,,,,,,,,,,,,,,,,,,,,,,,,,,,,,,,,,,,,,,,,,,,,,,,,,,,,,,,,,,,,,,,,,,
178=,,,,,Fernando Belluschi,Argentina,San Lorenzo,Argentina,33,4,4,0,1,0,,,,,,,,,,,,,,,,,,,,,,,,,,,,,,,,,,,,,,,,,,,,,,,,,,,,,,,,,,,,,,,,,,,,,,,,,,,,,,,,,,,,,,,,,,,,,,,,,,,,,,,4,,,,,,,,,,,,,,,,,,,,,
178=,,,,85,Lukasz Piszczek,Poland,Borussia Dortmund,Germany,32,4,4,0,1,0,,,,,,,,,,,,,,,,,,,,,,,,,,,,,,,4,,,,,,,,,,,,,,,,,,,,,,,,,,,,,,,,,,,,,,,,,,,,,,,,,,,,,,,,,,,,,,,,,,,,,,,,,,,,,,,,,,,,,,,,,,,,,
178=,,211,,,Mbwana Samatta,Tanzania,Genk,Belgium,24,4,4,0,1,0,,,,,,,,,,,,,,,,,,,,,,,,,,,,,,,,,,,,,,,,,,,,,,,,,,,,,,,,,,,,,,,,,,,,,,,,,,,,,,,,,,,,,,,,,,,,,,,,,,,,,,,,,,,,,,,,,,,,4,,,,,,,,
178=,,83,,,Nolito,Spain,Manchester City,England,31,4,4,0,1,0,,,,,,,,,,,,,,,,,,,,,,,,,,,,,,,,,,,,,,,,,,,,,,,,,,,,,,,,,,,,,,,,,,,,,,,,,,,,,,,,,,,,,,,,,,,,,,4,,,,,,,,,,,,,,,,,,,,,,,,,,,,,,
178=,,,,,Thiago Motta,Italy,Paris SG,France,34,4,4,0,1,0,,,,,,,,,,,,,,,,,,,,,,,,,,,,,,,,,,,,,,,,,,,,,,,,,,,,,,,,,,,,,,,,,,,,,,4,,,,,,,,,,,,,,,,,,,,,,,,,,,,,,,,,,,,,,,,,,,,,,,,,,,,,,
178=,,160,,,Artyom Dzyuba,Russia,Zenit St Petersburg,Russia,28,3,3,0,1,0,,,,,,,,,,,,,,,,,,,,,,,,,,,,,,,,,,,,,,,,,,,,,,,,,,,,,,,,,,,,,,,,,,,,,3,,,,,,,,,,,,,,,,,,,,,,,,,,,,,,,,,,,,,,,,,,,,,,,,,,,,,,,
178=,,173=,,,Hakan Calhanoglu,Turkey,Bayer Leverkusen,Germany,22,3,3,0,1,0,,,,,,,,,,,,,,,,,,,,,,,,,,,,,,,,,,,,,,,,,,,,,,,,,,,,,,,,,,,,,,,,,,,,,,,,,,,,,,,,,,,,,,,,,,,,,,,,,,,,3,,,,,,,,,,,,,,,,,,,,,,,,
178=,,,,,Alex Sandro,Brazil,Juventus,Italy,25,2,2,0,1,0,,,,,,,,,,,,,,,,,,,,,,,,,,,,,,2,,,,,,,,,,,,,,,,,,,,,,,,,,,,,,,,,,,,,,,,,,,,,,,,,,,,,,,,,,,,,,,,,,,,,,,,,,,,,,,,,,,,,,,,,,,,,,
178=,,,,,Aron Gunarsson,Iceland,Cardiff City,England,27,2,2,0,1,0,,,,,,,,,,,,,,,,,,,,,,,,,,,,,,,,,,,,,,,,,,,,,,,,,,,2,,,,,,,,,,,,,,,,,,,,,,,,,,,,,,,,,,,,,,,,,,,,,,,,,,,,,,,,,,,,,,,,,,,,,,,,,
178=,,,,,Corentin Tolisso,France,Lyon,France,22,2,2,0,1,0,,,,,,,,,,,,,,,,,,,,,,,,,,,,,,,,,,,,,,,,,,,,,,,,,,,,,,,,,,,,,,,,,,,,,,,,,,,,,,,,,,,,,,,,,,,,,,,,2,,,,,,,,,,,,,,,,,,,,,,,,,,,,
178=,,155,63,16,Radamel Falcao,Colombia,Monaco,France,31,2,2,0,1,0,,,,,,,,,,,,,,,,,,,,,,,,,,,,,,,,,,,,,,,,2,,,,,,,,,,,,,,,,,,,,,,,,,,,,,,,,,,,,,,,,,,,,,,,,,,,,,,,,,,,,,,,,,,,,,,,,,,,,,,,,,,,,
178=,,168,,,Rúben Neves,Portugal,Porto,Portugal,19,2,2,0,1,0,,,,,,,,,,,,,,,,,,,,,,,,,,,,,,,,,,,,,,,,,,,,,,,,,,,,,,,,,,,,,,,,,,,,2,,,,,,,,,,,,,,,,,,,,,,,,,,,,,,,,,,,,,,,,,,,,,,,,,,,,,,,,
178=,,,,,Andreas Granqvist,Sweden,Krasnodar,Russia,31,1,1,0,1,0,,,,,,,,,,,,,,,,,,,,,,,,,,,,,,,,,,,,,,,,,,,,,,,,,,,,,,,,,,,,,,,,,,,,,,,,,,,,,,,,,,,,,,,,,,,,,,,,,,,,,1,,,,,,,,,,,,,,,,,,,,,,,
178=,,,,,Darijo Srna,Croatia,Shakhtar Donetsk,Ukraine,34,1,1,0,1,0,,,,,,,,,,,,,,,,,1,,,,,,,,,,,,,,,,,,,,,,,,,,,,,,,,,,,,,,,,,,,,,,,,,,,,,,,,,,,,,,,,,,,,,,,,,,,,,,,,,,,,,,,,,,,,,,,,,,,,,,,,,,,
178=,,170=,92,,Héctor Herrera,Mexico,Porto,Portugal,27,1,1,0,1,0,,,,,,,,,,,,,,,,,,,,,,,,,,,,,,,,,,,,,,,,,,,,,,,,,,,,,,,,,,,,,,,,,,,,,,,,,,,,,,1,,,,,,,,,,,,,,,,,,,,,,,,,,,,,,,,,,,,,,,,,,,,,,
178=,,132,69,,John Terry,England,Chelsea,England,36,1,1,0,1,0,,,,,,,,,,,,,,,,,,,,1,,,,,,,,,,,,,,,,,,,,,,,,,,,,,,,,,,,,,,,,,,,,,,,,,,,,,,,,,,,,,,,,,,,,,,,,,,,,,,,,,,,,,,,,,,,,,,,,,,,,,,,,
178=,,,,,Julian Brandt,Germany,Bayer Leverkusen,Germany,20,1,1,0,1,0,,,,,,,,,,,,,,,,,,,,,,,,,,,,,,,,,,,,,,,,,,,,,,,,,,,,,,,,,,,,,,,,1,,,,,,,,,,,,,,,,,,,,,,,,,,,,,,,,,,,,,,,,,,,,,,,,,,,,,,,,,,,,
178=,,,,,Kasper Dolberg,Denmark,Ajax,Netherlands,19,1,1,0,1,0,,,,,,,,,,,,,,,,,,1,,,,,,,,,,,,,,,,,,,,,,,,,,,,,,,,,,,,,,,,,,,,,,,,,,,,,,,,,,,,,,,,,,,,,,,,,,,,,,,,,,,,,,,,,,,,,,,,,,,,,,,,,,
178=,,,,,Timo Werner,Germany,Red Bull Leipzig,Germany,20,1,1,0,1,0,,,,,,,,,,,,,,,,1,,,,,,,,,,,,,,,,,,,,,,,,,,,,,,,,,,,,,,,,,,,,,,,,,,,,,,,,,,,,,,,,,,,,,,,,,,,,,,,,,,,,,,,,,,,,,,,,,,,,,,,,,,,,
178=,,,,,Victor Nilsson Lindelof,Sweden,Benfica,Portugal,22,1,1,0,1,0,,,,,,,,,,,,,,,,,,,,,,,,,,,,,,,,,,,,,,,,,,,,,,,,,,,,,,,,,,,,,,,,,,,,,,,,,,,,,,,,,,,1,,,,,,,,,,,,,,,,,,,,,,,,,,,,,,,,,,,,,,,,,
Unranked,,,,,Adriano,Brazil,FC Seoul ,South Korea,29,0,0,0,0,0,,,,,,,,,,,,,,,,,,,,,,,,,,,,,,,,,,,,,,,,,,,,,,,,,,,,,,,,,,,,,,,,,,,,,,,,,,,,,,,,,,,,,,,,,,,,,,,,,,,,,,,,,,,,,,,,,,,,,,,,,,,,
Unranked,,164=,,,Alan Dzagoev,Russia,CSKA Moscow,Russia,26,0,0,0,0,0,,,,,,,,,,,,,,,,,,,,,,,,,,,,,,,,,,,,,,,,,,,,,,,,,,,,,,,,,,,,,,,,,,,,,,,,,,,,,,,,,,,,,,,,,,,,,,,,,,,,,,,,,,,,,,,,,,,,,,,,,,,,
Unranked,,,,,Aleksandr Samedov,Russia,Lokomotiv Moscow,Russia,32,0,0,0,0,0,,,,,,,,,,,,,,,,,,,,,,,,,,,,,,,,,,,,,,,,,,,,,,,,,,,,,,,,,,,,,,,,,,,,,,,,,,,,,,,,,,,,,,,,,,,,,,,,,,,,,,,,,,,,,,,,,,,,,,,,,,,,
Unranked,,,,,Alessio Romagnoli,Italy,Milan,Italy,21,0,0,0,0,0,,,,,,,,,,,,,,,,,,,,,,,,,,,,,,,,,,,,,,,,,,,,,,,,,,,,,,,,,,,,,,,,,,,,,,,,,,,,,,,,,,,,,,,,,,,,,,,,,,,,,,,,,,,,,,,,,,,,,,,,,,,,
Unranked,,,,,Allan,Brazil,Napoli,Italy,25,0,0,0,0,0,,,,,,,,,,,,,,,,,,,,,,,,,,,,,,,,,,,,,,,,,,,,,,,,,,,,,,,,,,,,,,,,,,,,,,,,,,,,,,,,,,,,,,,,,,,,,,,,,,,,,,,,,,,,,,,,,,,,,,,,,,,,
Unranked,,,,,Ander Herrera,Spain,Manchester United,England,27,0,0,0,0,0,,,,,,,,,,,,,,,,,,,,,,,,,,,,,,,,,,,,,,,,,,,,,,,,,,,,,,,,,,,,,,,,,,,,,,,,,,,,,,,,,,,,,,,,,,,,,,,,,,,,,,,,,,,,,,,,,,,,,,,,,,,,
Unranked,,151=,,,André Schürrle,Germany,Borussia Dortmund,Germany,26,0,0,0,0,0,,,,,,,,,,,,,,,,,,,,,,,,,,,,,,,,,,,,,,,,,,,,,,,,,,,,,,,,,,,,,,,,,,,,,,,,,,,,,,,,,,,,,,,,,,,,,,,,,,,,,,,,,,,,,,,,,,,,,,,,,,,,
Unranked,,219=,,,Bas Dost,Netherlands,Sporting Lisbon,Portugal,27,0,0,0,0,0,,,,,,,,,,,,,,,,,,,,,,,,,,,,,,,,,,,,,,,,,,,,,,,,,,,,,,,,,,,,,,,,,,,,,,,,,,,,,,,,,,,,,,,,,,,,,,,,,,,,,,,,,,,,,,,,,,,,,,,,,,,,
Unranked,,74,25,20,Bastian Schweinsteiger,Germany,Manchester United,England,33,0,0,0,0,0,,,,,,,,,,,,,,,,,,,,,,,,,,,,,,,,,,,,,,,,,,,,,,,,,,,,,,,,,,,,,,,,,,,,,,,,,,,,,,,,,,,,,,,,,,,,,,,,,,,,,,,,,,,,,,,,,,,,,,,,,,,,
Unranked,,,,,Bernard,Brazil,Shakhtar Donetsk,Ukraine,24,0,0,0,0,0,,,,,,,,,,,,,,,,,,,,,,,,,,,,,,,,,,,,,,,,,,,,,,,,,,,,,,,,,,,,,,,,,,,,,,,,,,,,,,,,,,,,,,,,,,,,,,,,,,,,,,,,,,,,,,,,,,,,,,,,,,,,
Unranked,,182=,53,98,Branislav Ivanovic,Serbia,Chelsea,England,33,0,0,0,0,0,,,,,,,,,,,,,,,,,,,,,,,,,,,,,,,,,,,,,,,,,,,,,,,,,,,,,,,,,,,,,,,,,,,,,,,,,,,,,,,,,,,,,,,,,,,,,,,,,,,,,,,,,,,,,,,,,,,,,,,,,,,,
Unranked,,,,,Carlos Auzqui,Argentina,Estudiantes,Argentina,25,0,0,0,0,0,,,,,,,,,,,,,,,,,,,,,,,,,,,,,,,,,,,,,,,,,,,,,,,,,,,,,,,,,,,,,,,,,,,,,,,,,,,,,,,,,,,,,,,,,,,,,,,,,,,,,,,,,,,,,,,,,,,,,,,,,,,,
Unranked,,212=,,,Carlos Vela,Mexico,Real Sociedad,Spain,28,0,0,0,0,0,,,,,,,,,,,,,,,,,,,,,,,,,,,,,,,,,,,,,,,,,,,,,,,,,,,,,,,,,,,,,,,,,,,,,,,,,,,,,,,,,,,,,,,,,,,,,,,,,,,,,,,,,,,,,,,,,,,,,,,,,,,,
Unranked,,146=,90,,Cesar Azpilicueta,Spain,Chelsea,England,28,0,0,0,0,0,,,,,,,,,,,,,,,,,,,,,,,,,,,,,,,,,,,,,,,,,,,,,,,,,,,,,,,,,,,,,,,,,,,,,,,,,,,,,,,,,,,,,,,,,,,,,,,,,,,,,,,,,,,,,,,,,,,,,,,,,,,,
Unranked,,63,36,29,Cesc Fàbregas,Spain,Chelsea,England,30,0,0,0,0,0,,,,,,,,,,,,,,,,,,,,,,,,,,,,,,,,,,,,,,,,,,,,,,,,,,,,,,,,,,,,,,,,,,,,,,,,,,,,,,,,,,,,,,,,,,,,,,,,,,,,,,,,,,,,,,,,,,,,,,,,,,,,
Unranked,,,,,Chanathip Songkrasin,Thailand,Muangthong United,Thailand,23,0,0,0,0,0,,,,,,,,,,,,,,,,,,,,,,,,,,,,,,,,,,,,,,,,,,,,,,,,,,,,,,,,,,,,,,,,,,,,,,,,,,,,,,,,,,,,,,,,,,,,,,,,,,,,,,,,,,,,,,,,,,,,,,,,,,,,
Unranked,,,,,Charles Aránguiz,Chile,Bayer Leverkusen,Germany,27,0,0,0,0,0,,,,,,,,,,,,,,,,,,,,,,,,,,,,,,,,,,,,,,,,,,,,,,,,,,,,,,,,,,,,,,,,,,,,,,,,,,,,,,,,,,,,,,,,,,,,,,,,,,,,,,,,,,,,,,,,,,,,,,,,,,,,
Unranked,,112,,,Chris Smalling,England,Manchester United,England,27,0,0,0,0,0,,,,,,,,,,,,,,,,,,,,,,,,,,,,,,,,,,,,,,,,,,,,,,,,,,,,,,,,,,,,,,,,,,,,,,,,,,,,,,,,,,,,,,,,,,,,,,,,,,,,,,,,,,,,,,,,,,,,,,,,,,,,
Unranked,,164=,,,Christian Benteke,Belgium,Crystal Palace,England,26,0,0,0,0,0,,,,,,,,,,,,,,,,,,,,,,,,,,,,,,,,,,,,,,,,,,,,,,,,,,,,,,,,,,,,,,,,,,,,,,,,,,,,,,,,,,,,,,,,,,,,,,,,,,,,,,,,,,,,,,,,,,,,,,,,,,,,
Unranked,,164=,89,,Daley Blind,Netherlands,Manchester United,England,27,0,0,0,0,0,,,,,,,,,,,,,,,,,,,,,,,,,,,,,,,,,,,,,,,,,,,,,,,,,,,,,,,,,,,,,,,,,,,,,,,,,,,,,,,,,,,,,,,,,,,,,,,,,,,,,,,,,,,,,,,,,,,,,,,,,,,,
Unranked,,184=,,,Danilo,Brazil,Real Madrid,Spain,26,0,0,0,0,0,,,,,,,,,,,,,,,,,,,,,,,,,,,,,,,,,,,,,,,,,,,,,,,,,,,,,,,,,,,,,,,,,,,,,,,,,,,,,,,,,,,,,,,,,,,,,,,,,,,,,,,,,,,,,,,,,,,,,,,,,,,,
Unranked,,,,,Danilo Pereira,Portugal,Porto,Portugal,25,0,0,0,0,0,,,,,,,,,,,,,,,,,,,,,,,,,,,,,,,,,,,,,,,,,,,,,,,,,,,,,,,,,,,,,,,,,,,,,,,,,,,,,,,,,,,,,,,,,,,,,,,,,,,,,,,,,,,,,,,,,,,,,,,,,,,,
Unranked,,,,53,Dante,Brazil,Nice,France,34,0,0,0,0,0,,,,,,,,,,,,,,,,,,,,,,,,,,,,,,,,,,,,,,,,,,,,,,,,,,,,,,,,,,,,,,,,,,,,,,,,,,,,,,,,,,,,,,,,,,,,,,,,,,,,,,,,,,,,,,,,,,,,,,,,,,,,
Unranked,,,,,Darío 'Leonardo' Conca,Argentina,Shanghai SIPG,China,33,0,0,0,0,0,,,,,,,,,,,,,,,,,,,,,,,,,,,,,,,,,,,,,,,,,,,,,,,,,,,,,,,,,,,,,,,,,,,,,,,,,,,,,,,,,,,,,,,,,,,,,,,,,,,,,,,,,,,,,,,,,,,,,,,,,,,,
Unranked,,,,,Dmitri Poloz,Russia,Rostov,Russia,25,0,0,0,0,0,,,,,,,,,,,,,,,,,,,,,,,,,,,,,,,,,,,,,,,,,,,,,,,,,,,,,,,,,,,,,,,,,,,,,,,,,,,,,,,,,,,,,,,,,,,,,,,,,,,,,,,,,,,,,,,,,,,,,,,,,,,,
Unranked,,,,,Ederson,Brazil,Benfica,Portugal,23,0,0,0,0,0,,,,,,,,,,,,,,,,,,,,,,,,,,,,,,,,,,,,,,,,,,,,,,,,,,,,,,,,,,,,,,,,,,,,,,,,,,,,,,,,,,,,,,,,,,,,,,,,,,,,,,,,,,,,,,,,,,,,,,,,,,,,
Unranked,,219=,,,Edwin Cardona ,Colombia,Monterrey,Mexico,24,0,0,0,0,0,,,,,,,,,,,,,,,,,,,,,,,,,,,,,,,,,,,,,,,,,,,,,,,,,,,,,,,,,,,,,,,,,,,,,,,,,,,,,,,,,,,,,,,,,,,,,,,,,,,,,,,,,,,,,,,,,,,,,,,,,,,,
Unranked,,,,,Eric Bailly,Ivory Coast,Manchester United,England,22,0,0,0,0,0,,,,,,,,,,,,,,,,,,,,,,,,,,,,,,,,,,,,,,,,,,,,,,,,,,,,,,,,,,,,,,,,,,,,,,,,,,,,,,,,,,,,,,,,,,,,,,,,,,,,,,,,,,,,,,,,,,,,,,,,,,,,
Unranked,,190=,77,,Ezequiel Garay,Argentina,Valencia,Spain,31,0,0,0,0,0,,,,,,,,,,,,,,,,,,,,,,,,,,,,,,,,,,,,,,,,,,,,,,,,,,,,,,,,,,,,,,,,,,,,,,,,,,,,,,,,,,,,,,,,,,,,,,,,,,,,,,,,,,,,,,,,,,,,,,,,,,,,
Unranked,,,,,Faouzi Ghoulam,Algeria,Napoli,Italy,25,0,0,0,0,0,,,,,,,,,,,,,,,,,,,,,,,,,,,,,,,,,,,,,,,,,,,,,,,,,,,,,,,,,,,,,,,,,,,,,,,,,,,,,,,,,,,,,,,,,,,,,,,,,,,,,,,,,,,,,,,,,,,,,,,,,,,,
Unranked,,145,,,Fernando Muslera,Uruguay,Galatasaray,Turkey,31,0,0,0,0,0,,,,,,,,,,,,,,,,,,,,,,,,,,,,,,,,,,,,,,,,,,,,,,,,,,,,,,,,,,,,,,,,,,,,,,,,,,,,,,,,,,,,,,,,,,,,,,,,,,,,,,,,,,,,,,,,,,,,,,,,,,,,
Unranked,,110,,,Geoffrey Kondogbia,France,Internazionale,Italy,23,0,0,0,0,0,,,,,,,,,,,,,,,,,,,,,,,,,,,,,,,,,,,,,,,,,,,,,,,,,,,,,,,,,,,,,,,,,,,,,,,,,,,,,,,,,,,,,,,,,,,,,,,,,,,,,,,,,,,,,,,,,,,,,,,,,,,,
Unranked,,162=,82,,Gervinho,Ivory Coast,Hebei China Fortune,China,30,0,0,0,0,0,,,,,,,,,,,,,,,,,,,,,,,,,,,,,,,,,,,,,,,,,,,,,,,,,,,,,,,,,,,,,,,,,,,,,,,,,,,,,,,,,,,,,,,,,,,,,,,,,,,,,,,,,,,,,,,,,,,,,,,,,,,,
Unranked,,,,,Giuliano,Brazil,Zenit St Petersburg,Russia,26,0,0,0,0,0,,,,,,,,,,,,,,,,,,,,,,,,,,,,,,,,,,,,,,,,,,,,,,,,,,,,,,,,,,,,,,,,,,,,,,,,,,,,,,,,,,,,,,,,,,,,,,,,,,,,,,,,,,,,,,,,,,,,,,,,,,,,
Unranked,,212=,,,Gökhan Töre,Turkey,West Ham United,England,24,0,0,0,0,0,,,,,,,,,,,,,,,,,,,,,,,,,,,,,,,,,,,,,,,,,,,,,,,,,,,,,,,,,,,,,,,,,,,,,,,,,,,,,,,,,,,,,,,,,,,,,,,,,,,,,,,,,,,,,,,,,,,,,,,,,,,,
Unranked,,159,102,,Graziano Pellè,Italy,Shandong Luneng,China,32,0,0,0,0,0,,,,,,,,,,,,,,,,,,,,,,,,,,,,,,,,,,,,,,,,,,,,,,,,,,,,,,,,,,,,,,,,,,,,,,,,,,,,,,,,,,,,,,,,,,,,,,,,,,,,,,,,,,,,,,,,,,,,,,,,,,,,
Unranked,,,,,Grimaldo ,Spain,Benfica,Portugal,21,0,0,0,0,0,,,,,,,,,,,,,,,,,,,,,,,,,,,,,,,,,,,,,,,,,,,,,,,,,,,,,,,,,,,,,,,,,,,,,,,,,,,,,,,,,,,,,,,,,,,,,,,,,,,,,,,,,,,,,,,,,,,,,,,,,,,,
Unranked,,,,,Guido Pizarro,Argentina,Tigres,Mexico,26,0,0,0,0,0,,,,,,,,,,,,,,,,,,,,,,,,,,,,,,,,,,,,,,,,,,,,,,,,,,,,,,,,,,,,,,,,,,,,,,,,,,,,,,,,,,,,,,,,,,,,,,,,,,,,,,,,,,,,,,,,,,,,,,,,,,,,
Unranked,,,,,Gustavo Scarpa,Brazil,Fluminense,Brazil,22,0,0,0,0,0,,,,,,,,,,,,,,,,,,,,,,,,,,,,,,,,,,,,,,,,,,,,,,,,,,,,,,,,,,,,,,,,,,,,,,,,,,,,,,,,,,,,,,,,,,,,,,,,,,,,,,,,,,,,,,,,,,,,,,,,,,,,
Unranked,,,,,Ibrahim Alma,Syria,Al-Ittihad,Syria,25,0,0,0,0,0,,,,,,,,,,,,,,,,,,,,,,,,,,,,,,,,,,,,,,,,,,,,,,,,,,,,,,,,,,,,,,,,,,,,,,,,,,,,,,,,,,,,,,,,,,,,,,,,,,,,,,,,,,,,,,,,,,,,,,,,,,,,
Unranked,,151=,88,,Iker Casillas,Spain,Porto,Portugal,35,0,0,0,0,0,,,,,,,,,,,,,,,,,,,,,,,,,,,,,,,,,,,,,,,,,,,,,,,,,,,,,,,,,,,,,,,,,,,,,,,,,,,,,,,,,,,,,,,,,,,,,,,,,,,,,,,,,,,,,,,,,,,,,,,,,,,,
Unranked,,198=,91,127,Jack Wilshere,England,Bournemouth,England,25,0,0,0,0,0,,,,,,,,,,,,,,,,,,,,,,,,,,,,,,,,,,,,,,,,,,,,,,,,,,,,,,,,,,,,,,,,,,,,,,,,,,,,,,,,,,,,,,,,,,,,,,,,,,,,,,,,,,,,,,,,,,,,,,,,,,,,
Unranked,,101,73,,Jackson Martínez,Colombia,Guangzhou Evergrande,China,31,0,0,0,0,0,,,,,,,,,,,,,,,,,,,,,,,,,,,,,,,,,,,,,,,,,,,,,,,,,,,,,,,,,,,,,,,,,,,,,,,,,,,,,,,,,,,,,,,,,,,,,,,,,,,,,,,,,,,,,,,,,,,,,,,,,,,,
Unranked,,131,,,Jádson,Brazil,Tianjin Quanjian,China,33,0,0,0,0,0,,,,,,,,,,,,,,,,,,,,,,,,,,,,,,,,,,,,,,,,,,,,,,,,,,,,,,,,,,,,,,,,,,,,,,,,,,,,,,,,,,,,,,,,,,,,,,,,,,,,,,,,,,,,,,,,,,,,,,,,,,,,
Unranked,,217=,,57,Jan Vertonghen,Belgium,Tottenham Hotspur,England,30,0,0,0,0,0,,,,,,,,,,,,,,,,,,,,,,,,,,,,,,,,,,,,,,,,,,,,,,,,,,,,,,,,,,,,,,,,,,,,,,,,,,,,,,,,,,,,,,,,,,,,,,,,,,,,,,,,,,,,,,,,,,,,,,,,,,,,
Unranked,,121,,99,Javi Martinez,Spain,Bayern Munich,Germany,29,0,0,0,0,0,,,,,,,,,,,,,,,,,,,,,,,,,,,,,,,,,,,,,,,,,,,,,,,,,,,,,,,,,,,,,,,,,,,,,,,,,,,,,,,,,,,,,,,,,,,,,,,,,,,,,,,,,,,,,,,,,,,,,,,,,,,,
Unranked,,85,,,Javier Pastore,Argentina,PSG,France,27,0,0,0,0,0,,,,,,,,,,,,,,,,,,,,,,,,,,,,,,,,,,,,,,,,,,,,,,,,,,,,,,,,,,,,,,,,,,,,,,,,,,,,,,,,,,,,,,,,,,,,,,,,,,,,,,,,,,,,,,,,,,,,,,,,,,,,
Unranked,,,,,Jay Bothroyd,England,Júbilo Iwata,Japan,34,0,0,0,0,0,,,,,,,,,,,,,,,,,,,,,,,,,,,,,,,,,,,,,,,,,,,,,,,,,,,,,,,,,,,,,,,,,,,,,,,,,,,,,,,,,,,,,,,,,,,,,,,,,,,,,,,,,,,,,,,,,,,,,,,,,,,,
Unranked,,,,,Jérémy Toulalan,France,Bordeaux,France,34,0,0,0,0,0,,,,,,,,,,,,,,,,,,,,,,,,,,,,,,,,,,,,,,,,,,,,,,,,,,,,,,,,,,,,,,,,,,,,,,,,,,,,,,,,,,,,,,,,,,,,,,,,,,,,,,,,,,,,,,,,,,,,,,,,,,,,
Unranked,,102,,,Joe Hart,England,Torino,Italy,29,0,0,0,0,0,,,,,,,,,,,,,,,,,,,,,,,,,,,,,,,,,,,,,,,,,,,,,,,,,,,,,,,,,,,,,,,,,,,,,,,,,,,,,,,,,,,,,,,,,,,,,,,,,,,,,,,,,,,,,,,,,,,,,,,,,,,,
Unranked,,207=,,,Jonathan Soriano,Spain,Salzburg,Austria,31,0,0,0,0,0,,,,,,,,,,,,,,,,,,,,,,,,,,,,,,,,,,,,,,,,,,,,,,,,,,,,,,,,,,,,,,,,,,,,,,,,,,,,,,,,,,,,,,,,,,,,,,,,,,,,,,,,,,,,,,,,,,,,,,,,,,,,
Unranked,,,86,,José María Callejón,Spain,Napoli,Italy,29,0,0,0,0,0,,,,,,,,,,,,,,,,,,,,,,,,,,,,,,,,,,,,,,,,,,,,,,,,,,,,,,,,,,,,,,,,,,,,,,,,,,,,,,,,,,,,,,,,,,,,,,,,,,,,,,,,,,,,,,,,,,,,,,,,,,,,
Unranked,,,,,Josip Ilicic,Slovenia,Fiorentina,Italy,28,0,0,0,0,0,,,,,,,,,,,,,,,,,,,,,,,,,,,,,,,,,,,,,,,,,,,,,,,,,,,,,,,,,,,,,,,,,,,,,,,,,,,,,,,,,,,,,,,,,,,,,,,,,,,,,,,,,,,,,,,,,,,,,,,,,,,,
Unranked,,212=,,,Júlio César,Brazil,Benfica,Portugal,37,0,0,0,0,0,,,,,,,,,,,,,,,,,,,,,,,,,,,,,,,,,,,,,,,,,,,,,,,,,,,,,,,,,,,,,,,,,,,,,,,,,,,,,,,,,,,,,,,,,,,,,,,,,,,,,,,,,,,,,,,,,,,,,,,,,,,,
Unranked,,209=,,,Kei Kamara,Sierra Leone,Columbus Crew,USA,32,0,0,0,0,0,,,,,,,,,,,,,,,,,,,,,,,,,,,,,,,,,,,,,,,,,,,,,,,,,,,,,,,,,,,,,,,,,,,,,,,,,,,,,,,,,,,,,,,,,,,,,,,,,,,,,,,,,,,,,,,,,,,,,,,,,,,,
Unranked,,,,,Kevin Strootman,Netherlands,Roma,Italy,26,0,0,0,0,0,,,,,,,,,,,,,,,,,,,,,,,,,,,,,,,,,,,,,,,,,,,,,,,,,,,,,,,,,,,,,,,,,,,,,,,,,,,,,,,,,,,,,,,,,,,,,,,,,,,,,,,,,,,,,,,,,,,,,,,,,,,,
Unranked,,,,,Kim Seung-gyu,South Korea,Vissel Kobe,Japan,26,0,0,0,0,0,,,,,,,,,,,,,,,,,,,,,,,,,,,,,,,,,,,,,,,,,,,,,,,,,,,,,,,,,,,,,,,,,,,,,,,,,,,,,,,,,,,,,,,,,,,,,,,,,,,,,,,,,,,,,,,,,,,,,,,,,,,,
Unranked,,196=,,,Kim Young-gown,South Korea,Guangzhou,China,26,0,0,0,0,0,,,,,,,,,,,,,,,,,,,,,,,,,,,,,,,,,,,,,,,,,,,,,,,,,,,,,,,,,,,,,,,,,,,,,,,,,,,,,,,,,,,,,,,,,,,,,,,,,,,,,,,,,,,,,,,,,,,,,,,,,,,,
Unranked,,,,,Klaas-Jan Huntelaar,Netherlands,Schalke,Germany,33,0,0,0,0,0,,,,,,,,,,,,,,,,,,,,,,,,,,,,,,,,,,,,,,,,,,,,,,,,,,,,,,,,,,,,,,,,,,,,,,,,,,,,,,,,,,,,,,,,,,,,,,,,,,,,,,,,,,,,,,,,,,,,,,,,,,,,
Unranked,,179=,,,Kostas Fortounis,Greece,Olympiacos,Greece,24,0,0,0,0,0,,,,,,,,,,,,,,,,,,,,,,,,,,,,,,,,,,,,,,,,,,,,,,,,,,,,,,,,,,,,,,,,,,,,,,,,,,,,,,,,,,,,,,,,,,,,,,,,,,,,,,,,,,,,,,,,,,,,,,,,,,,,
Unranked,,219=,,,Lasse Schöne,Denmark,Ajax,Netherlands,30,0,0,0,0,0,,,,,,,,,,,,,,,,,,,,,,,,,,,,,,,,,,,,,,,,,,,,,,,,,,,,,,,,,,,,,,,,,,,,,,,,,,,,,,,,,,,,,,,,,,,,,,,,,,,,,,,,,,,,,,,,,,,,,,,,,,,,
Unranked,,170=,,,Layvin Kurzawa,France,PSG,France,24,0,0,0,0,0,,,,,,,,,,,,,,,,,,,,,,,,,,,,,,,,,,,,,,,,,,,,,,,,,,,,,,,,,,,,,,,,,,,,,,,,,,,,,,,,,,,,,,,,,,,,,,,,,,,,,,,,,,,,,,,,,,,,,,,,,,,,
Unranked,,217=,,,Loïc Perrin,France,St Etienne,France,31,0,0,0,0,0,,,,,,,,,,,,,,,,,,,,,,,,,,,,,,,,,,,,,,,,,,,,,,,,,,,,,,,,,,,,,,,,,,,,,,,,,,,,,,,,,,,,,,,,,,,,,,,,,,,,,,,,,,,,,,,,,,,,,,,,,,,,
Unranked,,,,,Lorenzo Melgarejo,Paraguay,Spartak Moscow,Russia,26,0,0,0,0,0,,,,,,,,,,,,,,,,,,,,,,,,,,,,,,,,,,,,,,,,,,,,,,,,,,,,,,,,,,,,,,,,,,,,,,,,,,,,,,,,,,,,,,,,,,,,,,,,,,,,,,,,,,,,,,,,,,,,,,,,,,,,
Unranked,,,,,Luan,Brazil,Grêmio,Brazil,23,0,0,0,0,0,,,,,,,,,,,,,,,,,,,,,,,,,,,,,,,,,,,,,,,,,,,,,,,,,,,,,,,,,,,,,,,,,,,,,,,,,,,,,,,,,,,,,,,,,,,,,,,,,,,,,,,,,,,,,,,,,,,,,,,,,,,,
Unranked,,203,,,Lucas Lima,Brazil,Santos,Brazil,26,0,0,0,0,0,,,,,,,,,,,,,,,,,,,,,,,,,,,,,,,,,,,,,,,,,,,,,,,,,,,,,,,,,,,,,,,,,,,,,,,,,,,,,,,,,,,,,,,,,,,,,,,,,,,,,,,,,,,,,,,,,,,,,,,,,,,,
Unranked,,190=,78,,Luiz Adriano,Brazil,Milan,Italy,30,0,0,0,0,0,,,,,,,,,,,,,,,,,,,,,,,,,,,,,,,,,,,,,,,,,,,,,,,,,,,,,,,,,,,,,,,,,,,,,,,,,,,,,,,,,,,,,,,,,,,,,,,,,,,,,,,,,,,,,,,,,,,,,,,,,,,,
Unranked,,,,,Łukasz Teodorczyk,Poland,Anderlecht,Belgium,25,0,0,0,0,0,,,,,,,,,,,,,,,,,,,,,,,,,,,,,,,,,,,,,,,,,,,,,,,,,,,,,,,,,,,,,,,,,,,,,,,,,,,,,,,,,,,,,,,,,,,,,,,,,,,,,,,,,,,,,,,,,,,,,,,,,,,,
Unranked,,,,,M'Baye Niang,France,Milan,Italy,22,0,0,0,0,0,,,,,,,,,,,,,,,,,,,,,,,,,,,,,,,,,,,,,,,,,,,,,,,,,,,,,,,,,,,,,,,,,,,,,,,,,,,,,,,,,,,,,,,,,,,,,,,,,,,,,,,,,,,,,,,,,,,,,,,,,,,,
Unranked,,,,,Marcus Berg,Sweden,Panathinaikos,Greece,30,0,0,0,0,0,,,,,,,,,,,,,,,,,,,,,,,,,,,,,,,,,,,,,,,,,,,,,,,,,,,,,,,,,,,,,,,,,,,,,,,,,,,,,,,,,,,,,,,,,,,,,,,,,,,,,,,,,,,,,,,,,,,,,,,,,,,,
Unranked,,113,71,48,Mario Mandzukic,Croatia,Juventus ,Italy,30,0,0,0,0,0,,,,,,,,,,,,,,,,,,,,,,,,,,,,,,,,,,,,,,,,,,,,,,,,,,,,,,,,,,,,,,,,,,,,,,,,,,,,,,,,,,,,,,,,,,,,,,,,,,,,,,,,,,,,,,,,,,,,,,,,,,,,
Unranked,,,,,Marko Arnautovic,Austria,Stoke City,England,27,0,0,0,0,0,,,,,,,,,,,,,,,,,,,,,,,,,,,,,,,,,,,,,,,,,,,,,,,,,,,,,,,,,,,,,,,,,,,,,,,,,,,,,,,,,,,,,,,,,,,,,,,,,,,,,,,,,,,,,,,,,,,,,,,,,,,,
Unranked,,153,,,Matías Kranevitter,Argentina,Sevilla,Spain,23,0,0,0,0,0,,,,,,,,,,,,,,,,,,,,,,,,,,,,,,,,,,,,,,,,,,,,,,,,,,,,,,,,,,,,,,,,,,,,,,,,,,,,,,,,,,,,,,,,,,,,,,,,,,,,,,,,,,,,,,,,,,,,,,,,,,,,
Unranked,,,,,Mattia Perin,Italy,Genoa,Italy,24,0,0,0,0,0,,,,,,,,,,,,,,,,,,,,,,,,,,,,,,,,,,,,,,,,,,,,,,,,,,,,,,,,,,,,,,,,,,,,,,,,,,,,,,,,,,,,,,,,,,,,,,,,,,,,,,,,,,,,,,,,,,,,,,,,,,,,
Unranked,,,,,Mauro Diaz,Argentina,FC Dallas,USA,25,0,0,0,0,0,,,,,,,,,,,,,,,,,,,,,,,,,,,,,,,,,,,,,,,,,,,,,,,,,,,,,,,,,,,,,,,,,,,,,,,,,,,,,,,,,,,,,,,,,,,,,,,,,,,,,,,,,,,,,,,,,,,,,,,,,,,,
Unranked,,,83,87,Mehdi Benatia,Morocco,Juventus,Italy,29,0,0,0,0,0,,,,,,,,,,,,,,,,,,,,,,,,,,,,,,,,,,,,,,,,,,,,,,,,,,,,,,,,,,,,,,,,,,,,,,,,,,,,,,,,,,,,,,,,,,,,,,,,,,,,,,,,,,,,,,,,,,,,,,,,,,,,
Unranked,,86,96,,Memphis Depay,Netherlands,Manchester United,England,23,0,0,0,0,0,,,,,,,,,,,,,,,,,,,,,,,,,,,,,,,,,,,,,,,,,,,,,,,,,,,,,,,,,,,,,,,,,,,,,,,,,,,,,,,,,,,,,,,,,,,,,,,,,,,,,,,,,,,,,,,,,,,,,,,,,,,,
Unranked,,,,,Miguel Almirón,Paraguay,Lanús,Argentina,23,0,0,0,0,0,,,,,,,,,,,,,,,,,,,,,,,,,,,,,,,,,,,,,,,,,,,,,,,,,,,,,,,,,,,,,,,,,,,,,,,,,,,,,,,,,,,,,,,,,,,,,,,,,,,,,,,,,,,,,,,,,,,,,,,,,,,,
Unranked,,,,,Miguel Layún,Mexico,Porto,Portugal,28,0,0,0,0,0,,,,,,,,,,,,,,,,,,,,,,,,,,,,,,,,,,,,,,,,,,,,,,,,,,,,,,,,,,,,,,,,,,,,,,,,,,,,,,,,,,,,,,,,,,,,,,,,,,,,,,,,,,,,,,,,,,,,,,,,,,,,
Unranked,,111,87,,Miranda,Brazil,Internazionale,Italy,32,0,0,0,0,0,,,,,,,,,,,,,,,,,,,,,,,,,,,,,,,,,,,,,,,,,,,,,,,,,,,,,,,,,,,,,,,,,,,,,,,,,,,,,,,,,,,,,,,,,,,,,,,,,,,,,,,,,,,,,,,,,,,,,,,,,,,,
Unranked,,154,,,Morgan Schneiderlin,France,Manchester United,England,28,0,0,0,0,0,,,,,,,,,,,,,,,,,,,,,,,,,,,,,,,,,,,,,,,,,,,,,,,,,,,,,,,,,,,,,,,,,,,,,,,,,,,,,,,,,,,,,,,,,,,,,,,,,,,,,,,,,,,,,,,,,,,,,,,,,,,,
Unranked,,109,,,Nabil Fekir,France,Lyon,France,23,0,0,0,0,0,,,,,,,,,,,,,,,,,,,,,,,,,,,,,,,,,,,,,,,,,,,,,,,,,,,,,,,,,,,,,,,,,,,,,,,,,,,,,,,,,,,,,,,,,,,,,,,,,,,,,,,,,,,,,,,,,,,,,,,,,,,,
Unranked,,,,,Nawaf Al Abed,Saudi Arabia ,Al-Hilal,Saudi Arabia,26,0,0,0,0,0,,,,,,,,,,,,,,,,,,,,,,,,,,,,,,,,,,,,,,,,,,,,,,,,,,,,,,,,,,,,,,,,,,,,,,,,,,,,,,,,,,,,,,,,,,,,,,,,,,,,,,,,,,,,,,,,,,,,,,,,,,,,
Unranked,,99,48,,Nemanja Matic,Serbia,Chelsea,England,29,0,0,0,0,0,,,,,,,,,,,,,,,,,,,,,,,,,,,,,,,,,,,,,,,,,,,,,,,,,,,,,,,,,,,,,,,,,,,,,,,,,,,,,,,,,,,,,,,,,,,,,,,,,,,,,,,,,,,,,,,,,,,,,,,,,,,,
Unranked,,149=,,,Nicolás Otamendi,Argentina,Manchester City,England,28,0,0,0,0,0,,,,,,,,,,,,,,,,,,,,,,,,,,,,,,,,,,,,,,,,,,,,,,,,,,,,,,,,,,,,,,,,,,,,,,,,,,,,,,,,,,,,,,,,,,,,,,,,,,,,,,,,,,,,,,,,,,,,,,,,,,,,
Unranked,,177=,,,Nikola KalInic,Croatia,Fiorentina,Italy,28,0,0,0,0,0,,,,,,,,,,,,,,,,,,,,,,,,,,,,,,,,,,,,,,,,,,,,,,,,,,,,,,,,,,,,,,,,,,,,,,,,,,,,,,,,,,,,,,,,,,,,,,,,,,,,,,,,,,,,,,,,,,,,,,,,,,,,
Unranked,,173=,,,Obafemi Martins,Nigeria,Shanghai Greenland Shenhua,China,32,0,0,0,0,0,,,,,,,,,,,,,,,,,,,,,,,,,,,,,,,,,,,,,,,,,,,,,,,,,,,,,,,,,,,,,,,,,,,,,,,,,,,,,,,,,,,,,,,,,,,,,,,,,,,,,,,,,,,,,,,,,,,,,,,,,,,,
Unranked,,,,,Odil Ahmedov,Uzbekistan,Krasnodar,Russia ,29,0,0,0,0,0,,,,,,,,,,,,,,,,,,,,,,,,,,,,,,,,,,,,,,,,,,,,,,,,,,,,,,,,,,,,,,,,,,,,,,,,,,,,,,,,,,,,,,,,,,,,,,,,,,,,,,,,,,,,,,,,,,,,,,,,,,,,
Unranked,,,,,Oleg Shatov,Russia,Zenit St Petersburg,Russia,26,0,0,0,0,0,,,,,,,,,,,,,,,,,,,,,,,,,,,,,,,,,,,,,,,,,,,,,,,,,,,,,,,,,,,,,,,,,,,,,,,,,,,,,,,,,,,,,,,,,,,,,,,,,,,,,,,,,,,,,,,,,,,,,,,,,,,,
Unranked,,137,46,36,Oscar,Brazil,Chelsea,England,26,0,0,0,0,0,,,,,,,,,,,,,,,,,,,,,,,,,,,,,,,,,,,,,,,,,,,,,,,,,,,,,,,,,,,,,,,,,,,,,,,,,,,,,,,,,,,,,,,,,,,,,,,,,,,,,,,,,,,,,,,,,,,,,,,,,,,,
Unranked,,204=,,,Oscar Duarte,Costa Rica,Espanyol,Spain,28,0,0,0,0,0,,,,,,,,,,,,,,,,,,,,,,,,,,,,,,,,,,,,,,,,,,,,,,,,,,,,,,,,,,,,,,,,,,,,,,,,,,,,,,,,,,,,,,,,,,,,,,,,,,,,,,,,,,,,,,,,,,,,,,,,,,,,
Unranked,,116=,59,77,Pablo Zabaleta,Argentina,Manchester City,England,32,0,0,0,0,0,,,,,,,,,,,,,,,,,,,,,,,,,,,,,,,,,,,,,,,,,,,,,,,,,,,,,,,,,,,,,,,,,,,,,,,,,,,,,,,,,,,,,,,,,,,,,,,,,,,,,,,,,,,,,,,,,,,,,,,,,,,,
Unranked,,103,,,Patrice Evra,France,Juventus,Italy,35,0,0,0,0,0,,,,,,,,,,,,,,,,,,,,,,,,,,,,,,,,,,,,,,,,,,,,,,,,,,,,,,,,,,,,,,,,,,,,,,,,,,,,,,,,,,,,,,,,,,,,,,,,,,,,,,,,,,,,,,,,,,,,,,,,,,,,
Unranked,,,,,Pedro,Spain,Chelsea,England,29,0,0,0,0,0,,,,,,,,,,,,,,,,,,,,,,,,,,,,,,,,,,,,,,,,,,,,,,,,,,,,,,,,,,,,,,,,,,,,,,,,,,,,,,,,,,,,,,,,,,,,,,,,,,,,,,,,,,,,,,,,,,,,,,,,,,,,
Unranked,,,,,Pizzi,Portugal,Benfica,Portugal,27,0,0,0,0,0,,,,,,,,,,,,,,,,,,,,,,,,,,,,,,,,,,,,,,,,,,,,,,,,,,,,,,,,,,,,,,,,,,,,,,,,,,,,,,,,,,,,,,,,,,,,,,,,,,,,,,,,,,,,,,,,,,,,,,,,,,,,
Unranked,,196=,,,Renato Augusto ,Brazil,Beijing Guoan,China,28,0,0,0,0,0,,,,,,,,,,,,,,,,,,,,,,,,,,,,,,,,,,,,,,,,,,,,,,,,,,,,,,,,,,,,,,,,,,,,,,,,,,,,,,,,,,,,,,,,,,,,,,,,,,,,,,,,,,,,,,,,,,,,,,,,,,,,
Unranked,,204=,,,Ricardo Oliveira,Brazil,Santos ,Brazil,36,0,0,0,0,0,,,,,,,,,,,,,,,,,,,,,,,,,,,,,,,,,,,,,,,,,,,,,,,,,,,,,,,,,,,,,,,,,,,,,,,,,,,,,,,,,,,,,,,,,,,,,,,,,,,,,,,,,,,,,,,,,,,,,,,,,,,,
Unranked,,189,,,Robbie Keane,Republic of Ireland,LA Galaxy,USA,36,0,0,0,0,0,,,,,,,,,,,,,,,,,,,,,,,,,,,,,,,,,,,,,,,,,,,,,,,,,,,,,,,,,,,,,,,,,,,,,,,,,,,,,,,,,,,,,,,,,,,,,,,,,,,,,,,,,,,,,,,,,,,,,,,,,,,,
Unranked,,219=,,,Roberto,Spain,Espanyol,Spain,31,0,0,0,0,0,,,,,,,,,,,,,,,,,,,,,,,,,,,,,,,,,,,,,,,,,,,,,,,,,,,,,,,,,,,,,,,,,,,,,,,,,,,,,,,,,,,,,,,,,,,,,,,,,,,,,,,,,,,,,,,,,,,,,,,,,,,,
Unranked,,,45,11,Robin van Persie,Netherlands,Fenerbahce,Turkey,34,0,0,0,0,0,,,,,,,,,,,,,,,,,,,,,,,,,,,,,,,,,,,,,,,,,,,,,,,,,,,,,,,,,,,,,,,,,,,,,,,,,,,,,,,,,,,,,,,,,,,,,,,,,,,,,,,,,,,,,,,,,,,,,,,,,,,,
Unranked,,149=,,,Ross Barkley,England,Everton,England ,23,0,0,0,0,0,,,,,,,,,,,,,,,,,,,,,,,,,,,,,,,,,,,,,,,,,,,,,,,,,,,,,,,,,,,,,,,,,,,,,,,,,,,,,,,,,,,,,,,,,,,,,,,,,,,,,,,,,,,,,,,,,,,,,,,,,,,,
Unranked,,,,,Sacha Kljestan  ,USA,New York Red Bulls,USA,31,0,0,0,0,0,,,,,,,,,,,,,,,,,,,,,,,,,,,,,,,,,,,,,,,,,,,,,,,,,,,,,,,,,,,,,,,,,,,,,,,,,,,,,,,,,,,,,,,,,,,,,,,,,,,,,,,,,,,,,,,,,,,,,,,,,,,,
Unranked,,130,,82,Samir Handanovic,Slovenia,Internazionale,Italy,33,0,0,0,0,0,,,,,,,,,,,,,,,,,,,,,,,,,,,,,,,,,,,,,,,,,,,,,,,,,,,,,,,,,,,,,,,,,,,,,,,,,,,,,,,,,,,,,,,,,,,,,,,,,,,,,,,,,,,,,,,,,,,,,,,,,,,,
Unranked,,219=,,,Séamus Coleman,Republic of Ireland,Everton,England ,28,0,0,0,0,0,,,,,,,,,,,,,,,,,,,,,,,,,,,,,,,,,,,,,,,,,,,,,,,,,,,,,,,,,,,,,,,,,,,,,,,,,,,,,,,,,,,,,,,,,,,,,,,,,,,,,,,,,,,,,,,,,,,,,,,,,,,,
Unranked,,172,100,,Seydou Doumbia,Ivory Coast,Basel,Switzerland,29,0,0,0,0,0,,,,,,,,,,,,,,,,,,,,,,,,,,,,,,,,,,,,,,,,,,,,,,,,,,,,,,,,,,,,,,,,,,,,,,,,,,,,,,,,,,,,,,,,,,,,,,,,,,,,,,,,,,,,,,,,,,,,,,,,,,,,
Unranked,,162=,,89,Shinji Kagawa,Japan,Borussia Dortmund,Germany,28,0,0,0,0,0,,,,,,,,,,,,,,,,,,,,,,,,,,,,,,,,,,,,,,,,,,,,,,,,,,,,,,,,,,,,,,,,,,,,,,,,,,,,,,,,,,,,,,,,,,,,,,,,,,,,,,,,,,,,,,,,,,,,,,,,,,,,
Unranked,,184=,,,Stefan De Vrij,Holland,Lazio,Italy,24,0,0,0,0,0,,,,,,,,,,,,,,,,,,,,,,,,,,,,,,,,,,,,,,,,,,,,,,,,,,,,,,,,,,,,,,,,,,,,,,,,,,,,,,,,,,,,,,,,,,,,,,,,,,,,,,,,,,,,,,,,,,,,,,,,,,,,
Unranked,,,,,Stephan Lichtsteiner,Switzerland,Juventus,Italy,32,0,0,0,0,0,,,,,,,,,,,,,,,,,,,,,,,,,,,,,,,,,,,,,,,,,,,,,,,,,,,,,,,,,,,,,,,,,,,,,,,,,,,,,,,,,,,,,,,,,,,,,,,,,,,,,,,,,,,,,,,,,,,,,,,,,,,,
Unranked,,,,,Stevan Jovetic,Montenegro,Internazionale,Italy,27,0,0,0,0,0,,,,,,,,,,,,,,,,,,,,,,,,,,,,,,,,,,,,,,,,,,,,,,,,,,,,,,,,,,,,,,,,,,,,,,,,,,,,,,,,,,,,,,,,,,,,,,,,,,,,,,,,,,,,,,,,,,,,,,,,,,,,
Unranked,,190=,,,Steve Mandanda ,France,Crystal Palace,England,31,0,0,0,0,0,,,,,,,,,,,,,,,,,,,,,,,,,,,,,,,,,,,,,,,,,,,,,,,,,,,,,,,,,,,,,,,,,,,,,,,,,,,,,,,,,,,,,,,,,,,,,,,,,,,,,,,,,,,,,,,,,,,,,,,,,,,,
Unranked,,173=,80,,Steven Gerrard,England,LA Galaxy,USA,36,0,0,0,0,0,,,,,,,,,,,,,,,,,,,,,,,,,,,,,,,,,,,,,,,,,,,,,,,,,,,,,,,,,,,,,,,,,,,,,,,,,,,,,,,,,,,,,,,,,,,,,,,,,,,,,,,,,,,,,,,,,,,,,,,,,,,,
Unranked,,,,,Taison,Brazil,Shakhtar Donetsk,Ukraine,28,0,0,0,0,0,,,,,,,,,,,,,,,,,,,,,,,,,,,,,,,,,,,,,,,,,,,,,,,,,,,,,,,,,,,,,,,,,,,,,,,,,,,,,,,,,,,,,,,,,,,,,,,,,,,,,,,,,,,,,,,,,,,,,,,,,,,,
Unranked,,207=,,,Takashi Usami,Japan,Augsburg,Germany,24,0,0,0,0,0,,,,,,,,,,,,,,,,,,,,,,,,,,,,,,,,,,,,,,,,,,,,,,,,,,,,,,,,,,,,,,,,,,,,,,,,,,,,,,,,,,,,,,,,,,,,,,,,,,,,,,,,,,,,,,,,,,,,,,,,,,,,
Unranked,,,,,Taras Stepanenko,Ukraine,Shakhtar Donetsk,Ukraine,27,0,0,0,0,0,,,,,,,,,,,,,,,,,,,,,,,,,,,,,,,,,,,,,,,,,,,,,,,,,,,,,,,,,,,,,,,,,,,,,,,,,,,,,,,,,,,,,,,,,,,,,,,,,,,,,,,,,,,,,,,,,,,,,,,,,,,,
Unranked,,,,,Thomas Meunier,Belgium,PSG,France,25,0,0,0,0,0,,,,,,,,,,,,,,,,,,,,,,,,,,,,,,,,,,,,,,,,,,,,,,,,,,,,,,,,,,,,,,,,,,,,,,,,,,,,,,,,,,,,,,,,,,,,,,,,,,,,,,,,,,,,,,,,,,,,,,,,,,,,
Unranked,,,,,Victor Wanyama,Kenya,Tottenham Hotspur,England,25,0,0,0,0,0,,,,,,,,,,,,,,,,,,,,,,,,,,,,,,,,,,,,,,,,,,,,,,,,,,,,,,,,,,,,,,,,,,,,,,,,,,,,,,,,,,,,,,,,,,,,,,,,,,,,,,,,,,,,,,,,,,,,,,,,,,,,
Unranked,,133,,,Vincent Aboubakar,Cameroon,Besiktas,Turkey,24,0,0,0,0,0,,,,,,,,,,,,,,,,,,,,,,,,,,,,,,,,,,,,,,,,,,,,,,,,,,,,,,,,,,,,,,,,,,,,,,,,,,,,,,,,,,,,,,,,,,,,,,,,,,,,,,,,,,,,,,,,,,,,,,,,,,,,
Unranked,,138,,,Wesley Sneijder,Netherlands,Galatasaray,Turkey,32,0,0,0,0,0,,,,,,,,,,,,,,,,,,,,,,,,,,,,,,,,,,,,,,,,,,,,,,,,,,,,,,,,,,,,,,,,,,,,,,,,,,,,,,,,,,,,,,,,,,,,,,,,,,,,,,,,,,,,,,,,,,,,,,,,,,,,
Unranked,,184=,67,,Wilfried Bony,Ivory Coast,Stoke City,England,28,0,0,0,0,0,,,,,,,,,,,,,,,,,,,,,,,,,,,,,,,,,,,,,,,,,,,,,,,,,,,,,,,,,,,,,,,,,,,,,,,,,,,,,,,,,,,,,,,,,,,,,,,,,,,,,,,,,,,,,,,,,,,,,,,,,,,,
Unranked,,,,,Wu Lei,China,Shanghai SIPG,China,25,0,0,0,0,0,,,,,,,,,,,,,,,,,,,,,,,,,,,,,,,,,,,,,,,,,,,,,,,,,,,,,,,,,,,,,,,,,,,,,,,,,,,,,,,,,,,,,,,,,,,,,,,,,,,,,,,,,,,,,,,,,,,,,,,,,,,,
Unranked,,124,50,8,Xavi,Spain,Al Sadd,Qatar,37,0,0,0,0,0,,,,,,,,,,,,,,,,,,,,,,,,,,,,,,,,,,,,,,,,,,,,,,,,,,,,,,,,,,,,,,,,,,,,,,,,,,,,,,,,,,,,,,,,,,,,,,,,,,,,,,,,,,,,,,,,,,,,,,,,,,,,
Unranked,,190=,,,Yannick Bolasie,Congo,Everton,England,27,0,0,0,0,0,,,,,,,,,,,,,,,,,,,,,,,,,,,,,,,,,,,,,,,,,,,,,,,,,,,,,,,,,,,,,,,,,,,,,,,,,,,,,,,,,,,,,,,,,,,,,,,,,,,,,,,,,,,,,,,,,,,,,,,,,,,,
Unranked,,73,,,Yevhen Konoplyanka,Ukraine,Schalke,Germany,28,0,0,0,0,0,,,,,,,,,,,,,,,,,,,,,,,,,,,,,,,,,,,,,,,,,,,,,,,,,,,,,,,,,,,,,,,,,,,,,,,,,,,,,,,,,,,,,,,,,,,,,,,,,,,,,,,,,,,,,,,,,,,,,,,,,,,,
Unranked,,,,,Yoshito Okubo,Japan,Kawasaki Frontale,Japan,34,0,0,0,0,0,,,,,,,,,,,,,,,,,,,,,,,,,,,,,,,,,,,,,,,,,,,,,,,,,,,,,,,,,,,,,,,,,,,,,,,,,,,,,,,,,,,,,,,,,,,,,,,,,,,,,,,,,,,,,,,,,,,,,,,,,,,,
Unranked,,204=,,,Zhang Linpeng,China,Guangzhou,China,27,0,0,0,0,0,,,,,,,,,,,,,,,,,,,,,,,,,,,,,,,,,,,,,,,,,,,,,,,,,,,,,,,,,,,,,,,,,,,,,,,,,,,,,,,,,,,,,,,,,,,,,,,,,,,,,,,,,,,,,,,,,,,,,,,,,,,,